Workbook

Sheet Sheet4
A3: 外尺寸规格 | B3: 计数项:外尺寸规格
A4: (空白)
A5: 38×30×8(红) | B5: 1
A6: 38×30×8 | B6: 1
A7: 38×28×8 | B7: 1
A8: 38×28×6 | B8: 1
A9: 38×27×5 | B9: 1
A10: 38×27×2 | B10: 1
A11: 38×25×5(黑) | B11: 1
A12: 38×25×5 | B12: 1
A13: 38×25×1.65(台) | B13: 1
A14: 38×24×8 | B14: 1
A15: 38×23×5(黑) | B15: 1
A16: 38×21×6 | B16: 1
... A2415: 总计 | B2415: 2410

Sheet 长方形
D1: 26年3月仓库长方形及其他颜色飞机盒台帐 | U1: S
C3: 序号 | D3: 外尺寸规格 | E3: 内尺寸规格 | F3: 货位 | G3: 上月在库 | AO3: 出库记录
H4: 剩余库存 | I4: 入库合计 | J4: 46082 | K4: 46083 | L4: 46084 | M4: 46085 | N4: 46086 | O4: 46087 | P4: 46088 | Q4: 46089 | R4: 46090 | S4: 46091 | T4: 46092 | U4: 46093 | V4: 46094 | W4: 46095 | X4: 46096 | Y4: 46097 | Z4: 46098 | AA4: 46099 | AB4: 46100 | AC4: 46101 | AD4: 46102 | AE4: 46103 | AF4: 46104 | AG4: 46105 | AH4: 46106 | AI4: 46107 | AJ4: 46108 | AK4: 46109 | AL4: 46110 | AM4: 46111 | AN4: 46112 | AO4: 出库合计 | AP4: 46082 | AQ4: 46113 | AR4: 46114 | AS4: 46115 | AT4: 46116 | AU4: 46117 | AV4: 46118 | AW4: 46119 | AX4: 46120 | AY4: 46121 | AZ4: 46122 | BA4: 46123 | BB4: 46124 | BC4: 46125 | BD4: 46126 | BE4: 46127 | BF4: 46128 | BG4: 46129 | BH4: 46130 | BI4: 46131 | BJ4: 46132 | BK4: 46133 | BL4: 46134 | BM4: 46135 | BN4: 46136 | BO4: 46137 | BP4: 46138 | BQ4: 46139 | BR4: 46140 | BS4: 46141 | BT4: 46142
B5: =VLOOKUP(D5,正方形!D:D,1,FALSE) -> #N/A | C5: =ROW()-4 -> 1 | D5: 10.5×7.5×4.5 | G5: 50 | H5: =G5+I5-AO5 -> 50 | I5: =SUM(J5:AN5) -> 0 | AO5: =SUM(AP5:BT5) -> 0
B6: =VLOOKUP(D6,正方形!D:D,1,FALSE) -> #N/A | C6: =ROW()-4 -> 2 | D6: 10.5×8.5×5.5(白) | F6: 23列-5-2 | G6: 20 | H6: =G6+I6-AO6 -> 20 | I6: =SUM(J6:AN6) -> 0 | AO6: =SUM(AP6:BT6) -> 0
B7: =VLOOKUP(D7,正方形!D:D,1,FALSE) -> #N/A | C7: =ROW()-4 -> 3 | D7: 10.8×9×3.3 | F7: 17列-1上 | G7: 500 | H7: =G7+I7-AO7 -> 500 | I7: =SUM(J7:AN7) -> 0 | AO7: =SUM(AP7:BT7) -> 0
C8: =ROW()-4 -> 4 | D8: 10×10×2(黑) | G8: 0 | H8: =G8+I8-AO8 -> -30 | I8: =SUM(J8:AN8) -> 0 | AO8: =SUM(AP8:BT8) -> 30 | AR8: 30
C9: =ROW()-4 -> 5 | D9: 10×10×3(黑) | G9: 0 | H9: =G9+I9-AO9 -> -30 | I9: =SUM(J9:AN9) -> 0 | AO9: =SUM(AP9:BT9) -> 30 | AR9: 30
B10: =VLOOKUP(D10,正方形!D:D,1,FALSE) -> #N/A | C10: =ROW()-4 -> 6 | D10: 10×10×3.5 | F10: 15列-1下 | G10: 700 | H10: =G10+I10-AO10 -> 700 | I10: =SUM(J10:AN10) -> 0 | AO10: =SUM(AP10:BT10) -> 0
C11: =ROW()-4 -> 7 | D11: 10×10×4(差) | G11: 0 | H11: =G11+I11-AO11 -> 0 | I11: =SUM(J11:AN11) -> 0 | AO11: =SUM(AP11:BT11) -> 0
C12: =ROW()-4 -> 8 | D12: 10×10×4(黑) | G12: 0 | H12: =G12+I12-AO12 -> -30 | I12: =SUM(J12:AN12) -> 200 | J12: 200 | AO12: =SUM(AP12:BT12) -> 230 | AP12: 200 | AR12: 30
B13: =VLOOKUP(D13,正方形!D:D,1,FALSE) -> #N/A | C13: =ROW()-4 -> 9 | D13: 10×10×5(差材料) | F13: 10列-9上 | G13: 150 | H13: =G13+I13-AO13 -> 150 | I13: =SUM(J13:AN13) -> 0 | AO13: =SUM(AP13:BT13) -> 0
B14: =VLOOKUP(D14,正方形!D:D,1,FALSE) -> #N/A | C14: =ROW()-4 -> 10 | D14: 10×10×5(黑) | F14: 18列-4中 | G14: 30 | H14: =G14+I14-AO14 -> 0 | I14: =SUM(J14:AN14) -> 0 | AO14: =SUM(AP14:BT14) -> 30 | AR14: 30
C15: =ROW()-4 -> 11 | D15: 10×10×6(黑) | G15: 0 | H15: =G15+I15-AO15 -> 0 | I15: =SUM(J15:AN15) -> 0 | AO15: =SUM(AP15:BT15) -> 0
B16: =VLOOKUP(D16,正方形!D:D,1,FALSE) -> #N/A | C16: =ROW()-4 -> 12 | D16: 10×10×7(黑) | G16: 0 | H16: =G16+I16-AO16 -> 0 | I16: =SUM(J16:AN16) -> 0 | AO16: =SUM(AP16:BT16) -> 0
B17: =VLOOKUP(D17,正方形!D:D,1,FALSE) -> #N/A | C17: =ROW()-4 -> 13 | D17: 10×5.5×4.5(白) | F17: 21列-5-3 | G17: 90 | H17: =G17+I17-AO17 -> 90 | I17: =SUM(J17:AN17) -> 0 | AO17: =SUM(AP17:BT17) -> 0
C18: =ROW()-4 -> 14 | D18: 10×6×2 | G18: 0 | H18: =G18+I18-AO18 -> 0 | I18: =SUM(J18:AN18) -> 0 | AO18: =SUM(AP18:BT18) -> 0
B19: =VLOOKUP(D19,正方形!D:D,1,FALSE) -> #N/A | C19: =ROW()-4 -> 15 | D19: 10×6×2(白) | F19: 25列-1-2 | G19: 0 | H19: =G19+I19-AO19 -> 0 | I19: =SUM(J19:AN19) -> 0 | AO19: =SUM(AP19:BT19) -> 0
B20: =VLOOKUP(D20,正方形!D:D,1,FALSE) -> #N/A | C20: =ROW()-4 -> 16 | D20: 10×6×3 | G20: 820 | H20: =G20+I20-AO20 -> 0 | I20: =SUM(J20:AN20) -> 0 | AO20: =SUM(AP20:BT20) -> 820 | AY20: 50 | BC20: 770
B21: =VLOOKUP(D21,正方形!D:D,1,FALSE) -> #N/A | C21: =ROW()-4 -> 17 | D21: 10×6×3(白) | F21: 25列-3-3/25列-4-下 | G21: 800 | H21: =G21+I21-AO21 -> 100 | I21: =SUM(J21:AN21) -> 0 | AO21: =SUM(AP21:BT21) -> 700 | AY21: 700
B22: =VLOOKUP(D22,正方形!D:D,1,FALSE) -> #N/A | C22: =ROW()-4 -> 18 | D22: 10×6×3(台) | F22: 19列-4中 | G22: 80 | H22: =G22+I22-AO22 -> 80 | I22: =SUM(J22:AN22) -> 0 | AO22: =SUM(AP22:BT22) -> 0
B23: =VLOOKUP(D23,正方形!D:D,1,FALSE) -> #N/A | C23: =ROW()-4 -> 19 | D23: 10×6×4 | F23: 4列-6上/10列-3上 | G23: 0 | H23: =G23+I23-AO23 -> 0 | I23: =SUM(J23:AN23) -> 0 | AO23: =SUM(AP23:BT23) -> 0
B24: =VLOOKUP(D24,正方形!D:D,1,FALSE) -> #N/A | C24: =ROW()-4 -> 20 | D24: 10×6×5 | G24: 0 | H24: =G24+I24-AO24 -> 0 | I24: =SUM(J24:AN24) -> 600 | J24: 600 | AO24: =SUM(AP24:BT24) -> 600 | AP24: =100+500 -> 600
B25: =VLOOKUP(D25,正方形!D:D,1,FALSE) -> #N/A | C25: =ROW()-4 -> 21 | D25: 10×6×5(白) | F25: 24列-1-2 | G25: 95 | H25: =G25+I25-AO25 -> 95 | I25: =SUM(J25:AN25) -> 0 | AO25: =SUM(AP25:BT25) -> 0
C26: =ROW()-4 -> 22 | D26: 10×6×6(白) | G26: 0 | H26: =G26+I26-AO26 -> 0 | I26: =SUM(J26:AN26) -> 0 | AO26: =SUM(AP26:BT26) -> 0
C27: =ROW()-4 -> 23 | D27: 10×7×1.7 | G27: 0 | H27: =G27+I27-AO27 -> 0 | I27: =SUM(J27:AN27) -> 0 | AO27: =SUM(AP27:BT27) -> 0
B28: =VLOOKUP(D28,正方形!D:D,1,FALSE) -> #N/A | C28: =ROW()-4 -> 24 | D28: 10×7×3 | G28: 0 | H28: =G28+I28-AO28 -> 0 | I28: =SUM(J28:AN28) -> 0 | AO28: =SUM(AP28:BT28) -> 0
B29: =VLOOKUP(D29,正方形!D:D,1,FALSE) -> #N/A | C29: =ROW()-4 -> 25 | D29: 10×7×3(黑) | F29: 18列-5中 | G29: 20 | H29: =G29+I29-AO29 -> 20 | I29: =SUM(J29:AN29) -> 0 | AO29: =SUM(AP29:BT29) -> 0
B30: =VLOOKUP(D30,正方形!D:D,1,FALSE) -> #N/A | C30: =ROW()-4 -> 26 | D30: 10×7×3(台) | F30: 19列-4中 | G30: 400 | H30: =G30+I30-AO30 -> 400 | I30: =SUM(J30:AN30) -> 0 | AO30: =SUM(AP30:BT30) -> 0
B31: =VLOOKUP(D31,正方形!D:D,1,FALSE) -> #N/A | C31: =ROW()-4 -> 27 | D31: 10×7×4白 | F31: 9列-3下 | G31: 460 | H31: =G31+I31-AO31 -> 460 | I31: =SUM(J31:AN31) -> 0 | AO31: =SUM(AP31:BT31) -> 0
B32: =VLOOKUP(D32,正方形!D:D,1,FALSE) -> #N/A | C32: =ROW()-4 -> 28 | D32: 10×7×4(白) | F32: 24列-4-下 | G32: 570 | H32: =G32+I32-AO32 -> 570 | I32: =SUM(J32:AN32) -> 0 | AO32: =SUM(AP32:BT32) -> 0
B33: =VLOOKUP(D33,正方形!D:D,1,FALSE) -> #N/A | C33: =ROW()-4 -> 29 | D33: 10×7×5 | G33: 0 | H33: =G33+I33-AO33 -> 0 | I33: =SUM(J33:AN33) -> 0 | AO33: =SUM(AP33:BT33) -> 0
B34: =VLOOKUP(D34,正方形!D:D,1,FALSE) -> #N/A | C34: =ROW()-4 -> 30 | D34: 10×7×5(台) | F34: 19列-2中 | G34: 290 | H34: =G34+I34-AO34 -> 290 | I34: =SUM(J34:AN34) -> 0 | AO34: =SUM(AP34:BT34) -> 0
B35: =VLOOKUP(D35,正方形!D:D,1,FALSE) -> #N/A | C35: =ROW()-4 -> 31 | D35: 10×7×6 | G35: 0 | H35: =G35+I35-AO35 -> 0 | I35: =SUM(J35:AN35) -> 0 | AO35: =SUM(AP35:BT35) -> 0
B36: =VLOOKUP(D36,正方形!D:D,1,FALSE) -> #N/A | C36: =ROW()-4 -> 32 | D36: 10×7×7 | F36: 216列-9上 | G36: 40 | H36: =G36+I36-AO36 -> 0 | I36: =SUM(J36:AN36) -> 0 | AO36: =SUM(AP36:BT36) -> 40 | BP36: 40
B37: =VLOOKUP(D37,正方形!D:D,1,FALSE) -> #N/A | C37: =ROW()-4 -> 33 | D37: 10×8×2 | F37: 12列-5上 | G37: =40-40 -> 0 | H37: =G37+I37-AO37 -> 0 | I37: =SUM(J37:AN37) -> 500 | J37: 500 | AO37: =SUM(AP37:BT37) -> 500 | AP37: 500
B38: =VLOOKUP(D38,正方形!D:D,1,FALSE) -> #N/A | C38: =ROW()-4 -> 34 | I38: =SUM(J38:AN38) -> 0 | AO38: =SUM(AP38:BT38) -> 0
B39: =VLOOKUP(D39,正方形!D:D,1,FALSE) -> #N/A | C39: =ROW()-4 -> 35 | D39: 10×8×3(白) | F39: 25列-4-下 | G39: 50 | H39: =G39+I39-AO39 -> 0 | I39: =SUM(J39:AN39) -> 0 | AO39: =SUM(AP39:BT39) -> 50 | BE39: 50
B40: =VLOOKUP(D40,正方形!D:D,1,FALSE) -> #N/A | C40: =ROW()-4 -> 36 | D40: 10×8×3(台) | F40: 19列-4中 | G40: 600 | H40: =G40+I40-AO40 -> 600 | I40: =SUM(J40:AN40) -> 0 | AO40: =SUM(AP40:BT40) -> 0
C41: =ROW()-4 -> 37 | D41: 10×8×4 | G41: 0 | H41: =G41+I41-AO41 -> -500 | I41: =SUM(J41:AN41) -> 0 | AO41: =SUM(AP41:BT41) -> 500 | AR41: 500
B42: =VLOOKUP(D42,正方形!D:D,1,FALSE) -> #N/A | C42: =ROW()-4 -> 38 | D42: 11×8×4(白) | F42: 24列-5-1 | G42: 80 | H42: =G42+I42-AO42 -> 0 | I42: =SUM(J42:AN42) -> 0 | AO42: =SUM(AP42:BT42) -> 80 | BD42: 80
B43: =VLOOKUP(D43,正方形!D:D,1,FALSE) -> #N/A | C43: =ROW()-4 -> 39 | D43: 10×8×4(台) | F43: 19列-3下 | G43: 50 | H43: =G43+I43-AO43 -> 50 | I43: =SUM(J43:AN43) -> 0 | AO43: =SUM(AP43:BT43) -> 0
B44: =VLOOKUP(D44,正方形!D:D,1,FALSE) -> #N/A | C44: =ROW()-4 -> 40 | D44: 10×8×5 | F44: 8列-2上 | G44: 0 | H44: =G44+I44-AO44 -> 0 | I44: =SUM(J44:AN44) -> 0 | AO44: =SUM(AP44:BT44) -> 0
B45: =VLOOKUP(D45,正方形!D:D,1,FALSE) -> #N/A | C45: =ROW()-4 -> 41 | D45: 10×8×5(台) | F45: 19列-2中 | G45: 0 | H45: =G45+I45-AO45 -> 0 | I45: =SUM(J45:AN45) -> 0 | AO45: =SUM(AP45:BT45) -> 0
B46: =VLOOKUP(D46,正方形!D:D,1,FALSE) -> #N/A | C46: =ROW()-4 -> 42 | D46: 10×8×8(白) | F46: 22列-4-1 | G46: 60 | H46: =G46+I46-AO46 -> 60 | I46: =SUM(J46:AN46) -> 0 | AO46: =SUM(AP46:BT46) -> 0
B47: =VLOOKUP(D47,正方形!D:D,1,FALSE) -> #N/A | C47: =ROW()-4 -> 43 | D47: 10×9.5×2.5 | F47: 17列-3下 | G47: 300 | H47: =G47+I47-AO47 -> 300 | I47: =SUM(J47:AN47) -> 0 | AO47: =SUM(AP47:BT47) -> 0
C48: =ROW()-4 -> 44 | D48: 10×9×2 | G48: 0 | H48: =G48+I48-AO48 -> 0 | I48: =SUM(J48:AN48) -> 0 | AO48: =SUM(AP48:BT48) -> 0
B49: =VLOOKUP(D49,正方形!D:D,1,FALSE) -> #N/A | C49: =ROW()-4 -> 45 | D49: 10×9×5 | F49: 7列-2上 | G49: 190 | H49: 0 | I49: =SUM(J49:AN49) -> 0 | AO49: =SUM(AP49:BT49) -> 190 | AW49: 100 | AZ49: 40 | BA49: 50
B50: =VLOOKUP(D50,正方形!D:D,1,FALSE) -> #N/A | C50: =ROW()-4 -> 46 | D50: 10×9×5(白) | F50: 24列-3-1 | G50: 100 | H50: =G50+I50-AO50 -> 94 | I50: =SUM(J50:AN50) -> 0 | AO50: =SUM(AP50:BT50) -> 6 | BK50: 6
B51: =VLOOKUP(D51,正方形!D:D,1,FALSE) -> #N/A | C51: =ROW()-4 -> 47 | D51: 10×9×6(白) | F51: 23列-1-2 | G51: 10 | H51: =G51+I51-AO51 -> 10 | I51: =SUM(J51:AN51) -> 0 | AO51: =SUM(AP51:BT51) -> 0
C52: =ROW()-4 -> 48 | D52: 10×9×8 | G52: 0 | H52: =G52+I52-AO52 -> 0 | I52: =SUM(J52:AN52) -> 0 | AO52: =SUM(AP52:BT52) -> 0
B53: =VLOOKUP(D53,正方形!D:D,1,FALSE) -> #N/A | C53: =ROW()-4 -> 49 | D53: 11.2×9.9×2.4(白) | F53: 21列-4-2 | G53: 50 | H53: =G53+I53-AO53 -> 50 | I53: =SUM(J53:AN53) -> 0 | AO53: =SUM(AP53:BT53) -> 0
B54: =VLOOKUP(D54,正方形!D:D,1,FALSE) -> #N/A | C54: =ROW()-4 -> 50 | D54: 11.5×10.5×11 | F54: 18列-下 | G54: 350 | H54: =G54+I54-AO54 -> 350 | I54: =SUM(J54:AN54) -> 0 | AO54: =SUM(AP54:BT54) -> 0
B55: =VLOOKUP(D55,正方形!D:D,1,FALSE) -> #N/A | C55: =ROW()-4 -> 51 | D55: 11.5×10.5×7(黑) | F55: 18列-5中 | G55: 50 | H55: =G55+I55-AO55 -> 50 | I55: =SUM(J55:AN55) -> 0 | AO55: =SUM(AP55:BT55) -> 0
B56: =VLOOKUP(D56,正方形!D:D,1,FALSE) -> #N/A | C56: =ROW()-4 -> 52 | D56: 11.5×6×2.8(黑) | F56: 16列-1上 | G56: 0 | H56: =G56+I56-AO56 -> 0 | I56: =SUM(J56:AN56) -> 0 | AO56: =SUM(AP56:BT56) -> 0
B57: =VLOOKUP(D57,正方形!D:D,1,FALSE) -> #N/A | C57: =ROW()-4 -> 53 | D57: 11×10.5×10(黑) | F57: 15列-架尾 | G57: 600 | H57: =G57+I57-AO57 -> 600 | I57: =SUM(J57:AN57) -> 0 | AO57: =SUM(AP57:BT57) -> 0
B58: =VLOOKUP(D58,正方形!D:D,1,FALSE) -> #N/A | C58: =ROW()-4 -> 54 | D58: 11×10.5×2.5(白) | F58: 21列-2-2 | G58: 380 | H58: =G58+I58-AO58 -> 380 | I58: =SUM(J58:AN58) -> 0 | AO58: =SUM(AP58:BT58) -> 0
B59: =VLOOKUP(D59,正方形!D:D,1,FALSE) -> #N/A | C59: =ROW()-4 -> 55 | D59: 11×10×2 | F59: 13列-4上 | G59: 18 | H59: =G59+I59-AO59 -> -32 | I59: =SUM(J59:AN59) -> 50 | J59: 50 | AO59: =SUM(AP59:BT59) -> 100 | AP59: 50 | AR59: 50
B60: =VLOOKUP(D60,正方形!D:D,1,FALSE) -> #N/A | C60: =ROW()-4 -> 56 | D60: 11×10×2(台) | F60: 20列-5上 | G60: 450 | H60: =G60+I60-AO60 -> 450 | I60: =SUM(J60:AN60) -> 0 | AO60: =SUM(AP60:BT60) -> 0
B61: =VLOOKUP(D61,正方形!D:D,1,FALSE) -> #N/A | C61: =ROW()-4 -> 57 | D61: 11×10×3(台) | F61: 19列-5上/27列-后面(贴盒机旁) | G61: 600 | H61: =G61+I61-AO61 -> 600 | I61: =SUM(J61:AN61) -> 0 | AO61: =SUM(AP61:BT61) -> 0
C62: =ROW()-4 -> 58 | D62: 11×10×4 | G62: 0 | H62: =G62+I62-AO62 -> 0 | I62: =SUM(J62:AN62) -> 0 | AO62: =SUM(AP62:BT62) -> 0
B63: =VLOOKUP(D63,正方形!D:D,1,FALSE) -> #N/A | C63: =ROW()-4 -> 59 | D63: 11×10×4(白) | F63: 25列-5-2 | G63: 50 | H63: =G63+I63-AO63 -> 650 | I63: =SUM(J63:AN63) -> 600 | J63: 600 | AO63: =SUM(AP63:BT63) -> 0
C64: =ROW()-4 -> 60 | D64: 11×10×5白 | F64: 302列-堆 | G64: 1700 | H64: =G64+I64-AO64 -> 1700 | I64: =SUM(J64:AN64) -> 0 | AO64: =SUM(AP64:BT64) -> 0
B65: =VLOOKUP(D65,正方形!D:D,1,FALSE) -> #N/A | C65: =ROW()-4 -> 61 | D65: 11×10×5(白) | F65: 24列-2-下/302列- | G65: 150 | H65: =G65+I65-AO65 -> 150 | I65: =SUM(J65:AN65) -> 0 | AO65: =SUM(AP65:BT65) -> 0
B66: =VLOOKUP(D66,正方形!D:D,1,FALSE) -> #N/A | C66: =ROW()-4 -> 62 | D66: 11×10×6 | F66: 6列-3上 | G66: 0 | H66: =G66+I66-AO66 -> 0 | I66: =SUM(J66:AN66) -> 0 | AO66: =SUM(AP66:BT66) -> 0
B67: =VLOOKUP(D67,正方形!D:D,1,FALSE) -> #N/A | C67: =ROW()-4 -> 63 | D67: 11×10×9 | F67: 215列-10上/215列-10上/215列-10下 | G67: 205 | H67: =G67+I67-AO67 -> 0 | I67: =SUM(J67:AN67) -> 0 | AO67: =SUM(AP67:BT67) -> 205 | BA67: 100 | BD67: 105
B68: =VLOOKUP(D68,正方形!D:D,1,FALSE) -> 11×11×10 | C68: =ROW()-4 -> 64 | D68: 11×11×10 | F68: 9列-1上 | G68: 200 | H68: =G68+I68-AO68 -> 200 | I68: =SUM(J68:AN68) -> 0 | AO68: =SUM(AP68:BT68) -> 0
B69: =VLOOKUP(D69,正方形!D:D,1,FALSE) -> 11×11×10(白) | C69: =ROW()-4 -> 65 | D69: 11×11×10(白) | G69: 0 | H69: =G69+I69-AO69 -> 0 | I69: =SUM(J69:AN69) -> 0 | AO69: =SUM(AP69:BT69) -> 0
B70: =VLOOKUP(D70,正方形!D:D,1,FALSE) -> #N/A | C70: =ROW()-4 -> 66 | D70: 11×11×21 | F70: 10列-1上 | G70: 100 | H70: =G70+I70-AO70 -> 100 | I70: =SUM(J70:AN70) -> 0 | AO70: =SUM(AP70:BT70) -> 0
B71: =VLOOKUP(D71,正方形!D:D,1,FALSE) -> #N/A | C71: =ROW()-4 -> 67 | D71: 11×11×26 | F71: 10列-2上 | G71: 50 | H71: =G71+I71-AO71 -> 50 | I71: =SUM(J71:AN71) -> 0 | AO71: =SUM(AP71:BT71) -> 0
B72: =VLOOKUP(D72,正方形!D:D,1,FALSE) -> #N/A | C72: =ROW()-4 -> 68 | D72: 11×11×3(黑) | F72: 18列-5中 | G72: 0 | H72: =G72+I72-AO72 -> 0 | I72: =SUM(J72:AN72) -> 150 | J72: 150 | AO72: =SUM(AP72:BT72) -> 150 | AP72: =100+50 -> 150
B73: =VLOOKUP(D73,正方形!D:D,1,FALSE) -> #N/A | C73: =ROW()-4 -> 69 | D73: 11×11×4(黑) | G73: 0 | H73: =G73+I73-AO73 -> 0 | I73: =SUM(J73:AN73) -> 200 | J73: 200 | AO73: =SUM(AP73:BT73) -> 200 | AP73: 200
B74: =VLOOKUP(D74,正方形!D:D,1,FALSE) -> #N/A | C74: =ROW()-4 -> 70 | D74: 11×11×5(白) | G74: 0 | H74: =G74+I74-AO74 -> 0 | I74: =SUM(J74:AN74) -> 0 | AO74: =SUM(AP74:BT74) -> 0
B75: =VLOOKUP(D75,正方形!D:D,1,FALSE) -> #N/A | C75: =ROW()-4 -> 71 | D75: 11×3×3 | F75: 216列-1上 | G75: 140 | H75: =G75+I75-AO75 -> 0 | I75: =SUM(J75:AN75) -> 0 | AO75: =SUM(AP75:BT75) -> 140 | BI75: 140
B76: =VLOOKUP(D76,正方形!D:D,1,FALSE) -> #N/A | C76: =ROW()-4 -> 72 | D76: 11×5.5×4.5 | F76: 15列-3下 | G76: 520 | H76: =G76+I76-AO76 -> 520 | I76: =SUM(J76:AN76) -> 0 | AO76: =SUM(AP76:BT76) -> 0
B77: =VLOOKUP(D77,正方形!D:D,1,FALSE) -> #N/A | C77: =ROW()-4 -> 73 | D77: 11×5×2(白) | F77: 25列-1-1 | G77: 160 | H77: =G77+I77-AO77 -> 160 | I77: =SUM(J77:AN77) -> 0 | AO77: =SUM(AP77:BT77) -> 0
B78: =VLOOKUP(D78,正方形!D:D,1,FALSE) -> #N/A | C78: =ROW()-4 -> 74 | D78: 11×6×2(白) | F78: 25列-1-2 | G78: 50 | H78: =G78+I78-AO78 -> 0 | I78: =SUM(J78:AN78) -> 0 | AO78: =SUM(AP78:BT78) -> 50 | AX78: 50
C79: =ROW()-4 -> 75 | D79: 11×6×3 | G79: 0 | H79: =G79+I79-AO79 -> 0 | I79: =SUM(J79:AN79) -> 0 | AO79: =SUM(AP79:BT79) -> 0
C80: =ROW()-4 -> 76 | D80: 11×6×4 | G80: 0 | H80: =G80+I80-AO80 -> 0 | I80: =SUM(J80:AN80) -> 0 | AO80: =SUM(AP80:BT80) -> 0
B81: =VLOOKUP(D81,正方形!D:D,1,FALSE) -> #N/A | C81: =ROW()-4 -> 77 | D81: 11×6×4(白) | F81: 25列-5-下 | G81: 70 | H81: =G81+I81-AO81 -> 0 | I81: =SUM(J81:AN81) -> 0 | AO81: =SUM(AP81:BT81) -> 70 | AY81: 70
C82: =ROW()-4 -> 78 | D82: 11×6×5 | G82: 0 | H82: =G82+I82-AO82 -> 0 | I82: =SUM(J82:AN82) -> 0 | AO82: =SUM(AP82:BT82) -> 0
B83: =VLOOKUP(D83,正方形!D:D,1,FALSE) -> #N/A | C83: =ROW()-4 -> 79 | D83: 11×6×5(台) | F83: 19列-2上/19列-2下 | G83: 350 | H83: =G83+I83-AO83 -> 350 | I83: =SUM(J83:AN83) -> 0 | AO83: =SUM(AP83:BT83) -> 0
B84: =VLOOKUP(D84,正方形!D:D,1,FALSE) -> #N/A | C84: =ROW()-4 -> 80 | D84: 11×7×3.5 | F84: 17列-1上 | G84: 1600 | H84: =G84+I84-AO84 -> 1600 | I84: =SUM(J84:AN84) -> 0 | AO84: =SUM(AP84:BT84) -> 0
B85: =VLOOKUP(D85,正方形!D:D,1,FALSE) -> #N/A | C85: =ROW()-4 -> 81 | D85: 11×7×4 | G85: 0 | H85: =G85+I85-AO85 -> 0 | I85: =SUM(J85:AN85) -> 0 | AO85: =SUM(AP85:BT85) -> 0
B86: =VLOOKUP(D86,正方形!D:D,1,FALSE) -> #N/A | C86: =ROW()-4 -> 82 | D86: 11×7×5(台) | F86: 19列-1中/19列-2下 | G86: 470 | H86: =G86+I86-AO86 -> 470 | I86: =SUM(J86:AN86) -> 0 | AO86: =SUM(AP86:BT86) -> 0
B87: =VLOOKUP(D87,正方形!D:D,1,FALSE) -> #N/A | C87: =ROW()-4 -> 83 | D87: 11×7×7 | F87: 215列-2中/215列-3中 | G87: 150 | H87: =G87+I87-AO87 -> 150 | I87: =SUM(J87:AN87) -> 0 | AO87: =SUM(AP87:BT87) -> 0
B88: =VLOOKUP(D88,正方形!D:D,1,FALSE) -> #N/A | C88: =ROW()-4 -> 84 | D88: 11×8×2 | G88: 0 | H88: =G88+I88-AO88 -> -300 | I88: =SUM(J88:AN88) -> 250 | J88: 250 | AO88: =SUM(AP88:BT88) -> 550 | AP88: 250 | AR88: =250+50 -> 300
B89: =VLOOKUP(D89,正方形!D:D,1,FALSE) -> #N/A | C89: =ROW()-4 -> 85 | D89: 11×8×2(白) | F89: 25列-1-1 | G89: 80 | H89: =G89+I89-AO89 -> 0 | I89: =SUM(J89:AN89) -> 0 | AO89: =SUM(AP89:BT89) -> 80 | AX89: 80
B90: =VLOOKUP(D90,正方形!D:D,1,FALSE) -> #N/A | C90: =ROW()-4 -> 86 | D90: 11×8×3 | F90: 12列-6上 | G90: 280 | H90: =G90+I90-AO90 -> 0 | I90: =SUM(J90:AN90) -> 0 | AO90: =SUM(AP90:BT90) -> 280 | BH90: 280
B91: =VLOOKUP(D91,正方形!D:D,1,FALSE) -> #N/A | C91: =ROW()-4 -> 87 | D91: 11×8×3(白) | F91: 25列-3-2/25列-3-3 | G91: 190 | H91: =G91+I91-AO91 -> 190 | I91: =SUM(J91:AN91) -> 0 | AO91: =SUM(AP91:BT91) -> 0
B92: =VLOOKUP(D92,正方形!D:D,1,FALSE) -> #N/A | C92: =ROW()-4 -> 88 | D92: 11×8×3(差材料) | F92: 10列-8上 | G92: 70 | H92: =G92+I92-AO92 -> 0 | I92: =SUM(J92:AN92) -> 0 | AO92: =SUM(AP92:BT92) -> 70 | BF92: 70
B93: =VLOOKUP(D93,正方形!D:D,1,FALSE) -> #N/A | C93: =ROW()-4 -> 89 | D93: 11×8×3(台) | F93: 19列-4中 | G93: 170 | H93: =G93+I93-AO93 -> 170 | I93: =SUM(J93:AN93) -> 0 | AO93: =SUM(AP93:BT93) -> 0
B94: =VLOOKUP(D94,正方形!D:D,1,FALSE) -> #N/A | C94: =ROW()-4 -> 90 | D94: 11×8×4海洋纸 | F94: 11列-1下 | G94: 350 | H94: =G94+I94-AO94 -> 250 | I94: =SUM(J94:AN94) -> 0 | AO94: =SUM(AP94:BT94) -> 100 | AZ94: 100
C95: =ROW()-4 -> 91 | D95: 11×8×4(白) | G95: 40 | H95: =G95+I95-AO95 -> 40 | I95: =SUM(J95:AN95) -> 0 | AO95: =SUM(AP95:BT95) -> 0
B96: =VLOOKUP(D96,正方形!D:D,1,FALSE) -> #N/A | C96: =ROW()-4 -> 92 | D96: 11×8×5 | G96: 0 | H96: =G96+I96-AO96 -> 0 | I96: =SUM(J96:AN96) -> 0 | AO96: =SUM(AP96:BT96) -> 0
C97: =ROW()-4 -> 93 | D97: 11×8×6 | G97: 0 | H97: =G97+I97-AO97 -> 0 | I97: =SUM(J97:AN97) -> 0 | AO97: =SUM(AP97:BT97) -> 0
B98: =VLOOKUP(D98,正方形!D:D,1,FALSE) -> #N/A | C98: =ROW()-4 -> 94 | D98: 11×8×6(白) | F98: 23列-2-2 | G98: 65 | H98: =G98+I98-AO98 -> 65 | I98: =SUM(J98:AN98) -> 0 | AO98: =SUM(AP98:BT98) -> 0
C99: =ROW()-4 -> 95 | D99: 11×8×7 | G99: 300 | H99: =G99+I99-AO99 -> 100 | I99: =SUM(J99:AN99) -> 0 | AO99: =SUM(AP99:BT99) -> 200 | BC99: 100 | BK99: 100
B100: =VLOOKUP(D100,正方形!D:D,1,FALSE) -> #N/A | C100: =ROW()-4 -> 96 | D100: 11*8*8 | F100: 215列-6中 | G100: 9 | H100: =G100+I100-AO100 -> 0 | I100: =SUM(J100:AN100) -> 0 | AO100: =SUM(AP100:BT100) -> 9 | BK100: 9
B101: =VLOOKUP(D101,正方形!D:D,1,FALSE) -> #N/A | C101: =ROW()-4 -> 97 | D101: 11×9×2(白) | F101: 25列-1-下/25列-2-下 | G101: 300 | H101: =G101+I101-AO101 -> 300 | I101: =SUM(J101:AN101) -> 0 | AO101: =SUM(AP101:BT101) -> 0
...

Sheet 正方形
D1: 26年3月仓库正方形飞机盒台帐(普通、台湾、白)
C3: 序号 | D3: 外尺寸规格 | E3: 内尺寸规格 | F3: 货位 | G3: 上月在库 | H3: 库存 | I3: 入库记录 | AO3: 出库记录
I4: 入库合计 | J4: 46082 | K4: 46083 | L4: 46084 | M4: 46085 | N4: 46086 | O4: 46087 | P4: 46088 | Q4: 46089 | R4: 46090 | S4: 46091 | T4: 46092 | U4: 46093 | V4: 46094 | W4: 46095 | X4: 46096 | Y4: 46097 | Z4: 46098 | AA4: 46099 | AB4: 46100 | AC4: 46101 | AD4: 46102 | AE4: 46103 | AF4: 46104 | AG4: 46105 | AH4: 46106 | AI4: 46107 | AJ4: 46108 | AK4: 46109 | AL4: 46110 | AM4: 46111 | AN4: 46112 | AO4: 出库合计 | AP4: 46082 | AQ4: 46083 | AR4: 46084 | AS4: 46085 | AT4: 46086 | AU4: 46087 | AV4: 46088 | AW4: 46089 | AX4: 46090 | AY4: 46091 | AZ4: 46092 | BA4: 46093 | BB4: 46094 | BC4: 46095 | BD4: 46096 | BE4: 46097 | BF4: 46098 | BG4: 46099 | BH4: 46100 | BI4: 46101 | BJ4: 46102 | BK4: 46103 | BL4: 46104 | BM4: 46105 | BN4: 46106 | BO4: 46107 | BP4: 46108 | BQ4: 46109 | BR4: 46110 | BS4: 46111 | BT4: 46112
C5: =ROW()-4 -> 1 | D5: 6×6×2 | H5: =G5+I5-AO5 -> 0 | I5: =SUM(J5:AN5) -> 0 | AO5: =SUM(AP5:BT5) -> 0
C6: =ROW()-4 -> 2 | D6: 6×6×2(白) | G6: 0 | H6: =G6+I6-AO6 -> 0 | I6: =SUM(J6:AN6) -> 0 | AO6: =SUM(AP6:BT6) -> 0
C7: =ROW()-4 -> 3 | D7: 7×7×2 | H7: =G7+I7-AO7 -> 0 | I7: =SUM(J7:AN7) -> 0 | AO7: =SUM(AP7:BT7) -> 0
C8: =ROW()-4 -> 4 | D8: 7×7×2(白) | G8: 0 | H8: =G8+I8-AO8 -> 0 | I8: =SUM(J8:AN8) -> 0 | AO8: =SUM(AP8:BT8) -> 0
C9: =ROW()-4 -> 5 | D9: 8×8×2 | H9: =G9+I9-AO9 -> -300 | I9: =SUM(J9:AN9) -> 0 | AO9: =SUM(AP9:BT9) -> 300 | AP9: 300
C10: =ROW()-4 -> 6 | D10: 8×8×2(白) | G10: 0 | H10: =G10+I10-AO10 -> 0 | I10: =SUM(J10:AN10) -> 0 | AO10: =SUM(AP10:BT10) -> 0
C11: =ROW()-4 -> 7 | D11: 9×9×2 | H11: =G11+I11-AO11 -> 0 | I11: =SUM(J11:AN11) -> 0 | AO11: =SUM(AP11:BT11) -> 0
C12: =ROW()-4 -> 8 | D12: 9×9×2(白) | G12: 0 | H12: =G12+I12-AO12 -> 0 | I12: =SUM(J12:AN12) -> 0 | AO12: =SUM(AP12:BT12) -> 0
C13: =ROW()-4 -> 9 | D13: 10×10×2 | H13: =G13+I13-AO13 -> 160 | I13: =SUM(J13:AN13) -> 160 | J13: =100+60 -> 160 | AO13: =SUM(AP13:BT13) -> 0
C14: =ROW()-4 -> 10 | D14: 10×10×2(白) | H14: =G14+I14-AO14 -> 0 | I14: =SUM(J14:AN14) -> 0 | AO14: =SUM(AP14:BT14) -> 0
C15: =ROW()-4 -> 11 | D15: 10×10×2(台) | H15: =G15+I15-AO15 -> 0 | I15: =SUM(J15:AN15) -> 0 | AO15: =SUM(AP15:BT15) -> 0
C16: =ROW()-4 -> 12 | D16: 11×11×2 | H16: =G16+I16-AO16 -> 50 | I16: =SUM(J16:AN16) -> 50 | J16: 50 | AO16: =SUM(AP16:BT16) -> 0
C17: =ROW()-4 -> 13 | D17: 11×11×2(白) | G17: 0 | H17: =G17+I17-AO17 -> 0 | I17: =SUM(J17:AN17) -> 0 | AO17: =SUM(AP17:BT17) -> 0
C18: =ROW()-4 -> 14 | D18: 12×12×2 | H18: =G18+I18-AO18 -> -2000 | I18: =SUM(J18:AN18) -> 100 | J18: 100 | AO18: =SUM(AP18:BT18) -> 2100 | AQ18: =600+1500 -> 2100
C19: =ROW()-4 -> 15 | D19: 12×12×2(台) | H19: =G19+I19-AO19 -> 0 | I19: =SUM(J19:AN19) -> 0 | AO19: =SUM(AP19:BT19) -> 0
C20: =ROW()-4 -> 16 | D20: 13×13×2 | H20: =G20+I20-AO20 -> -600 | I20: =SUM(J20:AN20) -> 0 | AO20: =SUM(AP20:BT20) -> 600 | AP20: =500+30 -> 530 | AQ20: 70
C21: =ROW()-4 -> 17 | D21: 13×13×2(台) | H21: =G21+I21-AO21 -> 0 | I21: =SUM(J21:AN21) -> 0 | AO21: =SUM(AP21:BT21) -> 0
C22: =ROW()-4 -> 18 | D22: 13×13×2(白) | H22: =G22+I22-AO22 -> 0 | I22: =SUM(J22:AN22) -> 0 | AO22: =SUM(AP22:BT22) -> 0
C23: =ROW()-4 -> 19 | D23: 14×14×2 | H23: =G23+I23-AO23 -> 0 | I23: =SUM(J23:AN23) -> 0 | AO23: =SUM(AP23:BT23) -> 0
C24: =ROW()-4 -> 20 | D24: 14×14×2(台) | H24: =G24+I24-AO24 -> 0 | I24: =SUM(J24:AN24) -> 0 | AO24: =SUM(AP24:BT24) -> 0
C25: =ROW()-4 -> 21 | D25: 14×14×2(白) | H25: =G25+I25-AO25 -> 0 | I25: =SUM(J25:AN25) -> 0 | AO25: =SUM(AP25:BT25) -> 0
C26: =ROW()-4 -> 22 | D26: 15×15×2 | H26: =G26+I26-AO26 -> -100 | I26: =SUM(J26:AN26) -> 0 | AO26: =SUM(AP26:BT26) -> 100 | AQ26: 100
C27: =ROW()-4 -> 23 | D27: 15×15×2(白) | G27: 0 | H27: =G27+I27-AO27 -> 0 | I27: =SUM(J27:AN27) -> 0 | AO27: =SUM(AP27:BT27) -> 0
C28: =ROW()-4 -> 24 | D28: 16×16×2 | H28: =G28+I28-AO28 -> -801 | I28: =SUM(J28:AN28) -> 70 | J28: 70 | AO28: =SUM(AP28:BT28) -> 871 | AP28: =1+70 -> 71 | AQ28: 800
C29: =ROW()-4 -> 25 | D29: 16×16×2(台) | H29: =G29+I29-AO29 -> 0 | I29: =SUM(J29:AN29) -> 0 | AO29: =SUM(AP29:BT29) -> 0
C30: =ROW()-4 -> 26 | D30: 17×17×2 | H30: =G30+I30-AO30 -> 50 | I30: =SUM(J30:AN30) -> 50 | K30: 50 | AO30: =SUM(AP30:BT30) -> 0
C31: =ROW()-4 -> 27 | D31: 17×17×2(白) | G31: 0 | H31: =G31+I31-AO31 -> 0 | I31: =SUM(J31:AN31) -> 0 | AO31: =SUM(AP31:BT31) -> 0
C32: =ROW()-4 -> 28 | D32: 18×18×2(卡) | H32: =G32+I32-AO32 -> 0 | I32: =SUM(J32:AN32) -> 0 | AO32: =SUM(AP32:BT32) -> 0
C33: =ROW()-4 -> 29 | D33: 18×18×2 | H33: =G33+I33-AO33 -> 0 | I33: =SUM(J33:AN33) -> 0 | AO33: =SUM(AP33:BT33) -> 0
C34: =ROW()-4 -> 30 | D34: 18×18×2(台） | H34: =G34+I34-AO34 -> 0 | I34: =SUM(J34:AN34) -> 0 | AO34: =SUM(AP34:BT34) -> 0
C35: =ROW()-4 -> 31 | D35: 19×19×2 | H35: =G35+I35-AO35 -> 350 | I35: =SUM(J35:AN35) -> 350 | J35: 350 | AO35: =SUM(AP35:BT35) -> 0
C36: =ROW()-4 -> 32 | D36: 19×19×2(白) | G36: 0 | H36: =G36+I36-AO36 -> 0 | I36: =SUM(J36:AN36) -> 0 | AO36: =SUM(AP36:BT36) -> 0
C37: =ROW()-4 -> 33 | D37: 20×20×2 | H37: =G37+I37-AO37 -> 0 | I37: =SUM(J37:AN37) -> 200 | J37: 200 | AO37: =SUM(AP37:BT37) -> 200 | AP37: 200
C38: =ROW()-4 -> 34 | D38: 20×20×2(白) | G38: 0 | H38: =G38+I38-AO38 -> -100 | I38: =SUM(J38:AN38) -> 0 | AO38: =SUM(AP38:BT38) -> 100 | AQ38: 100
C39: =ROW()-4 -> 35 | D39: 20×20×2(卡) | H39: =G39+I39-AO39 -> 0 | I39: =SUM(J39:AN39) -> 0 | AO39: =SUM(AP39:BT39) -> 0
C40: =ROW()-4 -> 36 | D40: 20×20×2(台) | H40: =G40+I40-AO40 -> 0 | I40: =SUM(J40:AN40) -> 0 | AO40: =SUM(AP40:BT40) -> 0
C41: =ROW()-4 -> 37 | D41: 21×21×2 | H41: =G41+I41-AO41 -> 59 | I41: =SUM(J41:AN41) -> 60 | J41: 60 | AO41: =SUM(AP41:BT41) -> 1 | AP41: 1
C42: =ROW()-4 -> 38 | D42: 21×21×2(台) | H42: =G42+I42-AO42 -> 0 | I42: =SUM(J42:AN42) -> 0 | AO42: =SUM(AP42:BT42) -> 0
C43: =ROW()-4 -> 39 | D43: 22×22×2 | H43: =G43+I43-AO43 -> 100 | I43: =SUM(J43:AN43) -> 200 | J43: =100+100 -> 200 | AO43: =SUM(AP43:BT43) -> 100 | AP43: 100
C44: =ROW()-4 -> 40 | D44: 22×22×2(白) | G44: 0 | H44: =G44+I44-AO44 -> 0 | I44: =SUM(J44:AN44) -> 0 | AO44: =SUM(AP44:BT44) -> 0
C45: =ROW()-4 -> 41 | D45: 23×23×2 | H45: =G45+I45-AO45 -> 0 | I45: =SUM(J45:AN45) -> 0 | AO45: =SUM(AP45:BT45) -> 0
C46: =ROW()-4 -> 42 | D46: 23×23×2(白) | G46: 0 | H46: =G46+I46-AO46 -> 0 | I46: =SUM(J46:AN46) -> 0 | AO46: =SUM(AP46:BT46) -> 0
C47: =ROW()-4 -> 43 | D47: 24×24×2 | H47: =G47+I47-AO47 -> 0 | I47: =SUM(J47:AN47) -> 0 | AO47: =SUM(AP47:BT47) -> 0
C48: =ROW()-4 -> 44 | D48: 24×24×2(白) | G48: 0 | H48: =G48+I48-AO48 -> 0 | I48: =SUM(J48:AN48) -> 0 | AO48: =SUM(AP48:BT48) -> 0
C49: =ROW()-4 -> 45 | D49: 25×25×2 | H49: =G49+I49-AO49 -> 0 | I49: =SUM(J49:AN49) -> 0 | AO49: =SUM(AP49:BT49) -> 0
C50: =ROW()-4 -> 46 | D50: 25×25×2(白) | G50: 0 | H50: =G50+I50-AO50 -> 0 | I50: =SUM(J50:AN50) -> 0 | AO50: =SUM(AP50:BT50) -> 0
C51: =ROW()-4 -> 47 | D51: 26×26×2 | H51: =G51+I51-AO51 -> -10 | I51: =SUM(J51:AN51) -> 0 | AO51: =SUM(AP51:BT51) -> 10 | AP51: 10
C52: =ROW()-4 -> 48 | D52: 26×26×2(白) | G52: 0 | H52: =G52+I52-AO52 -> 0 | I52: =SUM(J52:AN52) -> 0 | AO52: =SUM(AP52:BT52) -> 0
C53: =ROW()-4 -> 49 | D53: 27×27×2 | H53: =G53+I53-AO53 -> 0 | I53: =SUM(J53:AN53) -> 0 | AO53: =SUM(AP53:BT53) -> 0
C54: =ROW()-4 -> 50 | D54: 27×27×2(白) | G54: 0 | H54: =G54+I54-AO54 -> 0 | I54: =SUM(J54:AN54) -> 0 | AO54: =SUM(AP54:BT54) -> 0
C55: =ROW()-4 -> 51 | D55: 28×28×2 | H55: =G55+I55-AO55 -> 500 | I55: =SUM(J55:AN55) -> 500 | J55: 500 | AO55: =SUM(AP55:BT55) -> 0
C56: =ROW()-4 -> 52 | D56: 28×28×2(白) | G56: 0 | H56: =G56+I56-AO56 -> 0 | I56: =SUM(J56:AN56) -> 0 | AO56: =SUM(AP56:BT56) -> 0
C57: =ROW()-4 -> 53 | D57: 29×29×2 | H57: =G57+I57-AO57 -> 0 | I57: =SUM(J57:AN57) -> 0 | AO57: =SUM(AP57:BT57) -> 0
C58: =ROW()-4 -> 54 | D58: 29×29×2(白) | G58: 0 | H58: =G58+I58-AO58 -> 0 | I58: =SUM(J58:AN58) -> 0 | AO58: =SUM(AP58:BT58) -> 0
C59: =ROW()-4 -> 55 | D59: 30×30×2 | H59: =G59+I59-AO59 -> 0 | I59: =SUM(J59:AN59) -> 0 | AO59: =SUM(AP59:BT59) -> 0
C60: =ROW()-4 -> 56 | D60: 30×30×2(台) | H60: =G60+I60-AO60 -> -50 | I60: =SUM(J60:AN60) -> 0 | AO60: =SUM(AP60:BT60) -> 50 | AP60: 50
C61: =ROW()-4 -> 57 | D61: 30×30×2(白) | G61: 0 | H61: =G61+I61-AO61 -> 0 | I61: =SUM(J61:AN61) -> 0 | AO61: =SUM(AP61:BT61) -> 0
C62: =ROW()-4 -> 58 | D62: 31×31×2 | H62: =G62+I62-AO62 -> 0 | I62: =SUM(J62:AN62) -> 0 | AO62: =SUM(AP62:BT62) -> 0
C63: =ROW()-4 -> 59 | D63: 31×31×2(白) | H63: =G63+I63-AO63 -> 0 | I63: =SUM(J63:AN63) -> 0 | AO63: =SUM(AP63:BT63) -> 0
C64: =ROW()-4 -> 60 | D64: 32×32×2 | H64: =G64+I64-AO64 -> 500 | I64: =SUM(J64:AN64) -> 500 | J64: 500 | AO64: =SUM(AP64:BT64) -> 0
C65: =ROW()-4 -> 61 | D65: 32×32×2(白) | G65: 0 | H65: =G65+I65-AO65 -> 0 | I65: =SUM(J65:AN65) -> 0 | AO65: =SUM(AP65:BT65) -> 0
C66: =ROW()-4 -> 62 | D66: 33×33×2 | H66: =G66+I66-AO66 -> 0 | I66: =SUM(J66:AN66) -> 0 | AO66: =SUM(AP66:BT66) -> 0
C67: =ROW()-4 -> 63 | D67: 33×33×2(台) | G67: 0 | H67: =G67+I67-AO67 -> 0 | I67: =SUM(J67:AN67) -> 0 | AO67: =SUM(AP67:BT67) -> 0
C68: =ROW()-4 -> 64 | D68: 33×33×2(白) | G68: 0 | H68: =G68+I68-AO68 -> 0 | I68: =SUM(J68:AN68) -> 0 | AO68: =SUM(AP68:BT68) -> 0
C69: =ROW()-4 -> 65 | D69: 34×34×2 | H69: =G69+I69-AO69 -> 0 | I69: =SUM(J69:AN69) -> 0 | AO69: =SUM(AP69:BT69) -> 0
C70: =ROW()-4 -> 66 | D70: 34×34×2(台) | G70: 0 | H70: =G70+I70-AO70 -> 0 | I70: =SUM(J70:AN70) -> 0 | AO70: =SUM(AP70:BT70) -> 0
C71: =ROW()-4 -> 67 | D71: 34×34×2(白) | G71: 0 | H71: =G71+I71-AO71 -> 0 | I71: =SUM(J71:AN71) -> 0 | AO71: =SUM(AP71:BT71) -> 0
C72: =ROW()-4 -> 68 | D72: 35×35×2 | H72: =G72+I72-AO72 -> 0 | I72: =SUM(J72:AN72) -> 0 | AO72: =SUM(AP72:BT72) -> 0
C73: =ROW()-4 -> 69 | D73: 35×35×2(台) | G73: 0 | H73: =G73+I73-AO73 -> 0 | I73: =SUM(J73:AN73) -> 0 | AO73: =SUM(AP73:BT73) -> 0
C74: =ROW()-4 -> 70 | D74: 35×35×2(白) | G74: 0 | H74: =G74+I74-AO74 -> 0 | I74: =SUM(J74:AN74) -> 0 | AO74: =SUM(AP74:BT74) -> 0
C75: =ROW()-4 -> 71 | D75: 36×36×2 | H75: =G75+I75-AO75 -> 0 | I75: =SUM(J75:AN75) -> 0 | AO75: =SUM(AP75:BT75) -> 0
C76: =ROW()-4 -> 72 | D76: 36×36×2(台) | G76: 0 | H76: =G76+I76-AO76 -> 0 | I76: =SUM(J76:AN76) -> 0 | AO76: =SUM(AP76:BT76) -> 0
C77: =ROW()-4 -> 73 | D77: 36×36×2(白) | G77: 0 | H77: =G77+I77-AO77 -> 0 | I77: =SUM(J77:AN77) -> 0 | AO77: =SUM(AP77:BT77) -> 0
C78: =ROW()-4 -> 74 | D78: 37×37×2 | H78: =G78+I78-AO78 -> 0 | I78: =SUM(J78:AN78) -> 0 | AO78: =SUM(AP78:BT78) -> 0
C79: =ROW()-4 -> 75 | D79: 37×37×2(台) | G79: 0 | H79: =G79+I79-AO79 -> 0 | I79: =SUM(J79:AN79) -> 0 | AO79: =SUM(AP79:BT79) -> 0
C80: =ROW()-4 -> 76 | D80: 37×37×2(白) | G80: 0 | H80: =G80+I80-AO80 -> 0 | I80: =SUM(J80:AN80) -> 0 | AO80: =SUM(AP80:BT80) -> 0
C81: =ROW()-4 -> 77 | D81: 38×38×2 | H81: =G81+I81-AO81 -> 0 | I81: =SUM(J81:AN81) -> 0 | AO81: =SUM(AP81:BT81) -> 0
C82: =ROW()-4 -> 78 | D82: 38×38×2(台) | G82: 0 | H82: =G82+I82-AO82 -> 0 | I82: =SUM(J82:AN82) -> 0 | AO82: =SUM(AP82:BT82) -> 0
C83: =ROW()-4 -> 79 | D83: 38×38×2(白) | G83: 0 | H83: =G83+I83-AO83 -> 0 | I83: =SUM(J83:AN83) -> 0 | AO83: =SUM(AP83:BT83) -> 0
C84: =ROW()-4 -> 80 | D84: 39×39×2 | H84: =G84+I84-AO84 -> 0 | I84: =SUM(J84:AN84) -> 0 | AO84: =SUM(AP84:BT84) -> 0
C85: =ROW()-4 -> 81 | D85: 39×39×2(台) | G85: 0 | H85: =G85+I85-AO85 -> 0 | I85: =SUM(J85:AN85) -> 0 | AO85: =SUM(AP85:BT85) -> 0
C86: =ROW()-4 -> 82 | D86: 39×39×2(白) | G86: 0 | H86: =G86+I86-AO86 -> 0 | I86: =SUM(J86:AN86) -> 0 | AO86: =SUM(AP86:BT86) -> 0
C87: =ROW()-4 -> 83 | D87: 45×45×2 | H87: =G87+I87-AO87 -> 0 | I87: =SUM(J87:AN87) -> 0 | AO87: =SUM(AP87:BT87) -> 0
C88: =ROW()-4 -> 84 | D88: 45×45×2(台) | G88: 0 | H88: =G88+I88-AO88 -> 0 | I88: =SUM(J88:AN88) -> 0 | AO88: =SUM(AP88:BT88) -> 0
C89: =ROW()-4 -> 85 | D89: 45×45×2(白) | G89: 0 | H89: =G89+I89-AO89 -> 0 | I89: =SUM(J89:AN89) -> 0 | AO89: =SUM(AP89:BT89) -> 0
C90: =ROW()-4 -> 86 | D90: 5×5×3 | H90: =G90+I90-AO90 -> 0 | I90: =SUM(J90:AN90) -> 0 | AO90: =SUM(AP90:BT90) -> 0
C91: =ROW()-4 -> 87 | D91: 5×5×3(台) | G91: 0 | H91: =G91+I91-AO91 -> 0 | I91: =SUM(J91:AN91) -> 0 | AO91: =SUM(AP91:BT91) -> 0
C92: =ROW()-4 -> 88 | D92: 5×5×3(白) | G92: 0 | H92: =G92+I92-AO92 -> 0 | I92: =SUM(J92:AN92) -> 0 | AO92: =SUM(AP92:BT92) -> 0
C93: =ROW()-4 -> 89 | D93: 6×6×3 | H93: =G93+I93-AO93 -> 79 | I93: =SUM(J93:AN93) -> 100 | J93: 100 | AO93: =SUM(AP93:BT93) -> 21 | AQ93: 21
C94: =ROW()-4 -> 90 | D94: 6×6×3(台) | G94: 0 | H94: =G94+I94-AO94 -> 0 | I94: =SUM(J94:AN94) -> 0 | AO94: =SUM(AP94:BT94) -> 0
C95: =ROW()-4 -> 91 | D95: 6×6×3(白) | G95: 0 | H95: =G95+I95-AO95 -> 0 | I95: =SUM(J95:AN95) -> 0 | AO95: =SUM(AP95:BT95) -> 0
C96: =ROW()-4 -> 92 | D96: 7×7×3 | H96: =G96+I96-AO96 -> 0 | I96: =SUM(J96:AN96) -> 0 | AO96: =SUM(AP96:BT96) -> 0
C97: =ROW()-4 -> 93 | D97: 7×7×3(白) | H97: =G97+I97-AO97 -> 0 | I97: =SUM(J97:AN97) -> 0 | AO97: =SUM(AP97:BT97) -> 0
C98: =ROW()-4 -> 94 | D98: 8×8×3 | H98: =G98+I98-AO98 -> 0 | I98: =SUM(J98:AN98) -> 0 | AO98: =SUM(AP98:BT98) -> 0
C99: =ROW()-4 -> 95 | D99: 8×8×3(台) | G99: 0 | H99: =G99+I99-AO99 -> 0 | I99: =SUM(J99:AN99) -> 0 | AO99: =SUM(AP99:BT99) -> 0
C100: =ROW()-4 -> 96 | D100: 8×8×3(白) | G100: 0 | H100: =G100+I100-AO100 -> 0 | I100: =SUM(J100:AN100) -> 0 | AO100: =SUM(AP100:BT100) -> 0
C101: =ROW()-4 -> 97 | D101: 9×9×3 | H101: =G101+I101-AO101 -> 0 | I101: =SUM(J101:AN101) -> 0 | AO101: =SUM(AP101:BT101) -> 0
...

Sheet 转换
E1: ×
E2: 18.5 | F2: 8.5 | G2: 2.5 | H2: =E2&$E$1&F2&$E$1&G2 -> 18.5×8.5×2.5
E3: 9 | F3: 7 | G3: 2 | H3: =E3&$E$1&F3&$E$1&G3 -> 9×7×2
E4: 21 | F4: 14 | G4: 11.5 | H4: =E4&$E$1&F4&$E$1&G4 -> 21×14×11.5
E5: 40.5 | F5: 14.5 | G5: 3.5 | H5: =E5&$E$1&F5&$E$1&G5 -> 40.5×14.5×3.5
E6: 28 | F6: 18 | G6: 4 | H6: =E6&$E$1&F6&$E$1&G6 -> 28×18×4
E7: 21 | F7: 16 | G7: 10 | H7: =E7&$E$1&F7&$E$1&G7 -> 21×16×10
E8: 19 | F8: 8 | G8: 5 | H8: =E8&$E$1&F8&$E$1&G8 -> 19×8×5
E9: 25.5 | F9: 13.5 | G9: 9.5 | H9: =E9&$E$1&F9&$E$1&G9 -> 25.5×13.5×9.5
E10: 15 | F10: 11 | G10: 6 | H10: =E10&$E$1&F10&$E$1&G10 -> 15×11×6
E11: 17 | F11: 11 | G11: 6 | H11: =E11&$E$1&F11&$E$1&G11 -> 17×11×6
E12: 14.5 | F12: 10.5 | G12: 5.5 | H12: =E12&$E$1&F12&$E$1&G12 -> 14.5×10.5×5.5
E13: 29 | F13: 16 | G13: 5 | H13: =E13&$E$1&F13&$E$1&G13 -> 29×16×5
... E15: 26.5 | F15: 15.5 | G15: 10.5 | H15: =E15&$E$1&F15&$E$1&G15 -> 26.5×15.5×10.5
E16: 19×13.5×12.5 | H16: =E16&$E$1&F16&$E$1&G16 -> 19×13.5×12.5××
E17: 43×35×10 | H17: =E17&$E$1&F17&$E$1&G17 -> 43×35×10××
E18: 24×18×2 | H18: =E18&$E$1&F18&$E$1&G18 -> 24×18×2××
E19: 39.5×33.5×3.5 | H19: =E19&$E$1&F19&$E$1&G19 -> 39.5×33.5×3.5××
E20: 38 | F20: 17 | G20: 2 | H20: =E20&$E$1&F20&$E$1&G20 -> 38×17×2
E21: 30.5 | F21: 11.5 | G21: 8.5 | H21: =E21&$E$1&F21&$E$1&G21 -> 30.5×11.5×8.5
E22: 19 | F22: 12 | G22: 7 | H22: =E22&$E$1&F22&$E$1&G22 -> 19×12×7
E23: 32 | F23: 11 | G23: 7 | H23: =E23&$E$1&F23&$E$1&G23 -> 32×11×7
E24: 23 | F24: 6 | G24: 6 | H24: =E24&$E$1&F24&$E$1&G24 -> 23×6×6
E25: 17 | F25: 16 | G25: 5（黑） | H25: =E25&$E$1&F25&$E$1&G25 -> 17×16×5（黑）
E26: 10.5 | F26: 7.5 | G26: 2.5 | H26: =E26&$E$1&F26&$E$1&G26 -> 10.5×7.5×2.5
E27: 43 | F27: 9 | G27: 9 | H27: =E27&$E$1&F27&$E$1&G27 -> 43×9×9
E28: 22 | F28: 6 | G28: 6 | H28: =E28&$E$1&F28&$E$1&G28 -> 22×6×6
E29: 25 | F29: 17 | G29: 9 | H29: =E29&$E$1&F29&$E$1&G29 -> 25×17×9
E30: 10.5 | F30: 7.5 | G30: 6.5 | H30: =E30&$E$1&F30&$E$1&G30 -> 10.5×7.5×6.5
E31: 34.5 | F31: 8.5 | G31: 4.5 | H31: =E31&$E$1&F31&$E$1&G31 -> 34.5×8.5×4.5
E32: 45 | F32: 35 | G32: 5 | H32: =E32&$E$1&F32&$E$1&G32 -> 45×35×5
E33: 45 | F33: 35 | G33: 8 | H33: =E33&$E$1&F33&$E$1&G33 -> 45×35×8
E34: 45 | F34: 35 | G34: 12 | H34: =E34&$E$1&F34&$E$1&G34 -> 45×35×12
E35: 27 | F35: 8 | G35: 7 | H35: =E35&$E$1&F35&$E$1&G35 -> 27×8×7
E36: 20 | F36: 18 | G36: 3（白） | H36: =E36&$E$1&F36&$E$1&G36 -> 20×18×3（白）
E37: 35 | F37: 25 | G37: 3（白） | H37: =E37&$E$1&F37&$E$1&G37 -> 35×25×3（白）
E38: 35 | F38: 13 | G38: 3 | H38: =E38&$E$1&F38&$E$1&G38 -> 35×13×3
E39: 19 | F39: 12 | G39: 12 | H39: =E39&$E$1&F39&$E$1&G39 -> 19×12×12
E40: 22 | F40: 14 | G40: 12 | H40: =E40&$E$1&F40&$E$1&G40 -> 22×14×12
E41: 24 | F41: 15 | G41: 7 | H41: =E41&$E$1&F41&$E$1&G41 -> 24×15×7
E42: 24 | F42: 17 | G42: 12 | H42: =E42&$E$1&F42&$E$1&G42 -> 24×17×12
E43: 24 | F43: 22 | G43: 7 | H43: =E43&$E$1&F43&$E$1&G43 -> 24×22×7
E44: 12 | F44: 10 | G44: 3（黑） | H44: =E44&$E$1&F44&$E$1&G44 -> 12×10×3（黑）
E45: 15 | F45: 10 | G45: 2（黑） | H45: =E45&$E$1&F45&$E$1&G45 -> 15×10×2（黑）
E46: 15 | F46: 10 | G46: 3（黑） | H46: =E46&$E$1&F46&$E$1&G46 -> 15×10×3（黑）
E47: 15 | F47: 10 | G47: 5（黑） | H47: =E47&$E$1&F47&$E$1&G47 -> 15×10×5（黑）
E48: 15 | F48: 10 | G48: 6（黑） | H48: =E48&$E$1&F48&$E$1&G48 -> 15×10×6（黑）
E49: 13 | F49: 12 | G49: 9 | H49: =E49&$E$1&F49&$E$1&G49 -> 13×12×9
E50: 21 | F50: 20 | G50: 6 | H50: =E50&$E$1&F50&$E$1&G50 -> 21×20×6
E51: 26 | F51: 18 | G51: 5 | H51: =E51&$E$1&F51&$E$1&G51 -> 26×18×5
E52: 22.5 | F52: 20.5 | G52: 3.5 | H52: =E52&$E$1&F52&$E$1&G52 -> 22.5×20.5×3.5
E53: 13 | F53: 7 | G53: 5 | H53: =E53&$E$1&F53&$E$1&G53 -> 13×7×5
E54: 32 | F54: 18 | G54: 3（黑） | H54: =E54&$E$1&F54&$E$1&G54 -> 32×18×3（黑）
E55: 44 | F55: 20 | G55: 3 | H55: =E55&$E$1&F55&$E$1&G55 -> 44×20×3
E56: 45 | F56: 20 | G56: 6 | H56: =E56&$E$1&F56&$E$1&G56 -> 45×20×6
E57: 36 | F57: 10 | G57: 10 | H57: =E57&$E$1&F57&$E$1&G57 -> 36×10×10
E58: 14 | F58: 9 | G58: 2 | H58: =E58&$E$1&F58&$E$1&G58 -> 14×9×2
E59: 15.5 | F59: 9.5 | G59: 2.5 | H59: =E59&$E$1&F59&$E$1&G59 -> 15.5×9.5×2.5
E60: 34 | F60: 9 | G60: 7 | H60: =E60&$E$1&F60&$E$1&G60 -> 34×9×7
E61: 26 | F61: 13 | G61: 7 | H61: =E61&$E$1&F61&$E$1&G61 -> 26×13×7
E62: 25.5 | F62: 13.5 | G62: 3.5 | H62: =E62&$E$1&F62&$E$1&G62 -> 25.5×13.5×3.5
E63: 43.5 | F63: 15.5 | G63: 4.5 | H63: =E63&$E$1&F63&$E$1&G63 -> 43.5×15.5×4.5
E64: 24 | F64: 15 | G64: 2 | H64: =E64&$E$1&F64&$E$1&G64 -> 24×15×2
E65: 14 | F65: 13 | G65: 5 | H65: =E65&$E$1&F65&$E$1&G65 -> 14×13×5
E66: 14 | F66: 13 | G66: 7 | H66: =E66&$E$1&F66&$E$1&G66 -> 14×13×7
... E69: 11 | F69: 9 | G69: 9 | H69: =E69&$E$1&F69&$E$1&G69 -> 11×9×9
H70: =E70&$E$1&F70&$E$1&G70 -> ××
H71: =E71&$E$1&F71&$E$1&G71 -> ××
H72: =E72&$E$1&F72&$E$1&G72 -> ××
H73: =E73&$E$1&F73&$E$1&G73 -> ××
H74: =E74&$E$1&F74&$E$1&G74 -> ××
E75: 21 | F75: 17 | G75: 3 | H75: =E75&$E$1&F75&$E$1&G75 -> 21×17×3
E76: 22 | F76: 20 | G76: 3 | H76: =E76&$E$1&F76&$E$1&G76 -> 22×20×3
E77: 23 | F77: 14 | G77: 3 | H77: =E77&$E$1&F77&$E$1&G77 -> 23×14×3
E78: 24 | F78: 17 | G78: 3 | H78: =E78&$E$1&F78&$E$1&G78 -> 24×17×3
E79: 27 | F79: 17 | G79: 3 | H79: =E79&$E$1&F79&$E$1&G79 -> 27×17×3
H80: =E80&$E$1&F80&$E$1&G80 -> ××
H81: =E81&$E$1&F81&$E$1&G81 -> ××
H82: =E82&$E$1&F82&$E$1&G82 -> ××
E83: 29 | F83: 20 | G83: 4 | H83: =E83&$E$1&F83&$E$1&G83 -> 29×20×4
H84: =E84&$E$1&F84&$E$1&G84 -> ××
H85: =E85&$E$1&F85&$E$1&G85 -> ××
H86: =E86&$E$1&F86&$E$1&G86 -> ××
H87: =E87&$E$1&F87&$E$1&G87 -> ××
H88: =E88&$E$1&F88&$E$1&G88 -> ××
H89: =E89&$E$1&F89&$E$1&G89 -> ××
H90: =E90&$E$1&F90&$E$1&G90 -> ××
H91: =E91&$E$1&F91&$E$1&G91 -> ××
H92: =E92&$E$1&F92&$E$1&G92 -> ××
H93: =E93&$E$1&F93&$E$1&G93 -> ××
H94: =E94&$E$1&F94&$E$1&G94 -> ××
H95: =E95&$E$1&F95&$E$1&G95 -> ××
... H100: =E100&$E$1&F100&$E$1&G100 -> ××
E101: 19 | F101: 12 | G101: 2(黑） | H101: =E101&$E$1&F101&$E$1&G101 -> 19×12×2(黑）
H102: =E102&$E$1&F102&$E$1&G102 -> ××
E103: 19 | F103: 12 | G103: 3(黑） | H103: =E103&$E$1&F103&$E$1&G103 -> 19×12×3(黑）
E104: 9 | F104: 9 | G104: 3(黑） | H104: =E104&$E$1&F104&$E$1&G104 -> 9×9×3(黑）
E105: 19 | F105: 12 | G105: 2(黑） | H105: =E105&$E$1&F105&$E$1&G105 -> 19×12×2(黑）
E106: 20.5 | F106: 12.5 | G106: 2.5(黑） | H106: =E106&$E$1&F106&$E$1&G106 -> 20.5×12.5×2.5(黑）
E107: 19 | F107: 12 | G107: 3(黑） | H107: =E107&$E$1&F107&$E$1&G107 -> 19×12×3(黑）
...

Sheet 出入库记录
B2: 产品数量
B3: 项目 | C3: 类别 | D3: 46082 | E3: 46083 | F3: 46084 | G3: 46085 | H3: 46086 | I3: 46087 | J3: 46088 | K3: 46089 | L3: 46090 | M3: 46091 | N3: 46092 | O3: 46093 | P3: 46094 | Q3: 46095 | R3: 46096 | S3: 46097 | T3: 46098 | U3: 46099 | V3: 46100 | W3: 46101 | X3: 46102 | Y3: 46103 | Z3: 46104 | AA3: 46105 | AB3: 46106 | AC3: 46107 | AD3: 46108 | AE3: 46109 | AF3: 46110 | AG3: 46111 | AH3: 46112
B4: 入 | C4: 正方形 | D4: =正方形!J1636 -> 19361 | E4: =正方形!K1636 -> 5226 | F4: =正方形!L1636 -> 0 | G4: =正方形!M1636 -> 0 | H4: =正方形!N1636 -> 0 | I4: =正方形!O1636 -> 0 | J4: =正方形!P1636 -> 0 | K4: =正方形!Q1636 -> 0 | ... AH4: =正方形!AN1636 -> 0
C5: 长方形 | D5: =长方形!J4507 -> 31333 | E5: =长方形!K4507 -> 300 | F5: =长方形!L4507 -> 0 | G5: =长方形!M4507 -> 0 | H5: =长方形!N4507 -> 0 | I5: =长方形!O4507 -> 0 | J5: =长方形!P4507 -> 0 | K5: =长方形!Q4507 -> 0 | ... AH5: =长方形!AN4507 -> 0
C6: 合计 | D6: =D5+D4 -> 50694 | E6: =E5+E4 -> 5526 | F6: =F5+F4 -> 0 | G6: =G5+G4 -> 0 | H6: =H5+H4 -> 0 | I6: =I5+I4 -> 0 | J6: =J5+J4 -> 0 | K6: =K5+K4 -> 0 | ... AH6: =AH5+AH4 -> 0
B7: 出 | C7: 正方形 | D7: =正方形!AQ1636 -> 16159 | E7: =正方形!AR1636 -> 0 | F7: =正方形!AS1636 -> 0 | G7: =正方形!AT1636 -> 0 | H7: =正方形!AU1636 -> 0 | I7: =正方形!AV1636 -> 0 | J7: =正方形!AW1636 -> 0 | K7: =正方形!AX1636 -> 0 | ... AH7: =正方形!BU1636 -> 0
C8: 长方形 | D8: =长方形!AR4507 -> 40554 | E8: =长方形!AS4507 -> 1686 | F8: =长方形!AT4507 -> 800 | G8: =长方形!AU4507 -> 1490 | H8: =长方形!AV4507 -> 1252 | I8: =长方形!AW4507 -> 2100 | J8: =长方形!AX4507 -> 2068 | K8: =长方形!AY4507 -> 3424 | ... AF8: =长方形!BT4507 -> 718 | AG8: =长方形!#REF! -> #REF! | AH8: =长方形!BU4507 -> 0
C9: 合计 | D9: =D7+D8 -> 56713 | E9: =E7+E8 -> 1686 | F9: =F7+F8 -> 800 | G9: =G7+G8 -> 1490 | H9: =H7+H8 -> 1252 | I9: =I7+I8 -> 2100 | J9: =J7+J8 -> 2068 | K9: =K7+K8 -> 3424 | ... AH9: =AH7+AH8 -> 0
B10: 入-出 | D10: =D6-D9 -> -6019 | E10: =E6-E9 -> 3840 | F10: =F6-F9 -> -800 | G10: =G6-G9 -> -1490 | H10: =H6-H9 -> -1252 | I10: =I6-I9 -> -2100 | J10: =J6-J9 -> -2068 | K10: =K6-K9 -> -3424 | ... AH10: =AH6-AH9 -> 0
B14: 产品种类数
B15: 项目 | C15: 类别 | D15: 46082 | E15: 46083 | F15: 46084 | G15: 46085 | H15: 46086 | I15: 46087 | J15: 46088 | K15: 46089 | L15: 46090 | M15: 46091 | N15: 46092 | O15: 46093 | P15: 46094 | Q15: 46095 | R15: 46096 | S15: 46097 | T15: 46098 | U15: 46099 | V15: 46100 | W15: 46101 | X15: 46102 | Y15: 46103 | Z15: 46104 | AA15: 46105 | AB15: 46106 | AC15: 46107 | AD15: 46108 | AE15: 46109 | AF15: 46110 | AG15: 46111 | AH15: 46112
B16: 入 | C16: 正方形 | D16: =COUNT(正方形!J$5:J$1632)*1.1 -> 62.7 | E16: =COUNT(正方形!K$5:K$1632)*1.1 -> 14.3 | F16: =COUNT(正方形!L$5:L$1632)*1.1 -> 0 | G16: =COUNT(正方形!M$5:M$1632)*1.1 -> 0 | H16: =COUNT(正方形!N$5:N$1632)*1.1 -> 0 | I16: =COUNT(正方形!O$5:O$1632)*1.1 -> 0 | J16: =COUNT(正方形!P$5:P$1632)*1.1 -> 0 | K16: =COUNT(正方形!Q$5:Q$1632)*1.1 -> 0 | ... AH16: =COUNT(正方形!AN$5:AN$1632)*1.1 -> 0
C17: 长方形 | D17: =COUNT(长方形!J$5:J$3614) -> 201 | E17: =COUNT(长方形!K$5:K$3614) -> 2 | F17: =COUNT(长方形!L$5:L$3614) -> 0 | G17: =COUNT(长方形!M$5:M$3614) -> 0 | H17: =COUNT(长方形!N$5:N$3614) -> 0 | I17: =COUNT(长方形!O$5:O$3614) -> 0 | J17: =COUNT(长方形!P$5:P$3614) -> 0 | K17: =COUNT(长方形!Q$5:Q$3614) -> 0 | ... AH17: =COUNT(长方形!AN$5:AN$3614) -> 0
C18: 合计 | D18: =D17+D16 -> 263.7 | E18: =E17+E16 -> 16.3 | F18: =F17+F16 -> 0 | G18: =G17+G16 -> 0 | H18: =H17+H16 -> 0 | I18: =I17+I16 -> 0 | J18: =J17+J16 -> 0 | K18: =K17+K16 -> 0 | ... AH18: =AH17+AH16 -> 0
B19: 出 | C19: 正方形 | D19: =COUNT(正方形!AQ$5:AQ1632)*1.1 -> 85.8 | E19: =COUNT(正方形!AR$5:AR1632)*1.1 -> 0 | F19: =COUNT(正方形!AS$5:AS1632)*1.1 -> 0 | G19: =COUNT(正方形!AT$5:AT1632)*1.1 -> 0 | H19: =COUNT(正方形!AU$5:AU1632)*1.1 -> 0 | I19: =COUNT(正方形!AV$5:AV1632)*1.1 -> 0 | J19: =COUNT(正方形!AW$5:AW1632)*1.7 -> 0 | K19: =COUNT(正方形!AX$5:AX1632)*1.1 -> 0 | L19: =COUNT(正方形!AY$5:AY1632)*1.1 -> 0 | M19: =COUNT(正方形!AZ$5:AZ1632)*1.2 -> 0 | N19: =COUNT(正方形!BA$5:BA1632)*1.1 -> 0 | O19: =COUNT(正方形!BB$5:BB1632)*1.1 -> 0 | P19: =COUNT(正方形!BC$5:BC1632)*1.1 -> 0 | Q19: =COUNT(正方形!BD$5:BD1632)*1.1 -> 0 | R19: =COUNT(正方形!BE$5:BE1632)*1.1 -> 0 | S19: =COUNT(正方形!BF$5:BF1632)*1.1 -> 0 | T19: =COUNT(正方形!BG$5:BG1632)*1.1 -> 0 | U19: =COUNT(正方形!BH$5:BH1632)*1.1 -> 0 | ... AH19: =COUNT(正方形!BU$5:BU1632)*1.1 -> 0
C20: 长方形 | D20: =COUNT(长方形!AR$5:AR$3614)*1.1 -> 236.5 | E20: =COUNT(长方形!AS$5:AS$3614)*1.1 -> 22 | F20: =COUNT(长方形!AT$5:AT$3614)*1.1 -> 3.3 | G20: =COUNT(长方形!AU$5:AU$3614)*1.1 -> 24.2 | H20: =COUNT(长方形!AV$5:AV$3614)*1.1 -> 15.4 | I20: =COUNT(长方形!AW$5:AW$3614)*1.1 -> 23.1 | J20: =COUNT(长方形!AX$5:AX$3614)*1.1 -> 17.6 | K20: =COUNT(长方形!AY$5:AY$3614)*1.1 -> 35.2 | ... AF20: =COUNT(长方形!BT$5:BT$3614)*1.1 -> 20.9 | AG20: =COUNT(长方形!#REF!)*1.1 -> 0 | AH20: =COUNT(长方形!BU$5:BU$3614)*1.1 -> 0
C21: 合计 | D21: =D19+D20 -> 322.3 | E21: =E19+E20 -> 22 | F21: =F19+F20 -> 3.3 | G21: =G19+G20 -> 24.2 | H21: =H19+H20 -> 15.4 | I21: =I19+I20 -> 23.1 | J21: =J19+J20 -> 17.6 | K21: =K19+K20 -> 35.2 | ... AH21: =AH19+AH20 -> 0

Sheet Sheet2

Sheet 台帐记录方法
C3: 入库 | D3: 根据登记表，把入库数量输入对应的规格当日入库记录里，表内没有规格的，新增一行
D4: 每天把出库数据做完后，对于长方形的，筛选在库小于0的，把欠料数量输入当天的入库记录里。
D5: 在库20个以下，发货超过20，不取出来，直接欠多少生产多少
C7: 出库 | D7: 根据发货单，把发货数据填入对应规格的当日出库记录，同一规格有多条记录的，按*+*+*+依次记入
C11: 月底更新台帐 | D11: 保存当月的台帐后，另存一份次月的
D12: 把库存数据全部粘贴在上月在库（只粘贴数值）
D13: 清除所有的出入库记录
D14: 更改文件名的月份

Sheet Sheet1
E3: 6×6×2 | F3: =VLOOKUP(E3,Sheet3!F:G,2,FALSE) -> #N/A | H3: 10×10×2 | I3: 白) | J3: 白) | K3: =E3&"(台)" -> 6×6×2(台)
E4: 7×7×2 | F4: =VLOOKUP(E4,Sheet3!F:G,2,FALSE) -> #N/A | H4: 10×10×2 | I4: 台) | J4: 台) | K4: =E4&"(台)" -> 7×7×2(台)
E5: 8×8×2 | F5: =VLOOKUP(E5,Sheet3!F:G,2,FALSE) -> #N/A | H5: 12×12×2 | I5: 台) | J5: 台) | K5: =E5&"(台)" -> 8×8×2(台)
E6: 9×9×2 | F6: =VLOOKUP(E6,Sheet3!F:G,2,FALSE) -> #N/A | H6: 13×13×2 | I6: 台) | J6: 台) | K6: =E6&"(台)" -> 9×9×2(台)
E7: 10×10×2 | F7: =VLOOKUP(E7,Sheet3!F:G,2,FALSE) -> 台) | H7: 13×13×2 | J7: 白)
E8: 11×11×2 | F8: =VLOOKUP(E8,Sheet3!F:G,2,FALSE) -> #N/A | H8: 13×13×2 | I8: 白) | J8: 台) | K8: =E8&"(台)" -> 11×11×2(台)
E9: 12×12×2 | F9: =VLOOKUP(E9,Sheet3!F:G,2,FALSE) -> 台) | H9: 14×14×2 | J9: 白)
E10: 13×13×2 | F10: =VLOOKUP(E10,Sheet3!F:G,2,FALSE) -> 台) | H10: 16×16×2 | J10: 台)
E11: 14×14×2 | F11: =VLOOKUP(E11,Sheet3!F:G,2,FALSE) -> 0 | H11: 18×18×2 | J11: 卡)
E12: 15×15×2 | F12: =VLOOKUP(E12,Sheet3!F:G,2,FALSE) -> #N/A | H12: 14×14×2 | I12: 台) | J12: 卡) | K12: =E12&"(台)" -> 15×15×2(台)
E13: 16×16×2 | F13: =VLOOKUP(E13,Sheet3!F:G,2,FALSE) -> 0 | H13: 20×20×2 | J13: 台)
E14: 17×17×2 | F14: =VLOOKUP(E14,Sheet3!F:G,2,FALSE) -> #N/A | H14: 14×14×2 | I14: 白) | J14: 台) | K14: =E14&"(台)" -> 17×17×2(台)
E15: 18×18×2 | F15: =VLOOKUP(E15,Sheet3!F:G,2,FALSE) -> 0 | H15: 31×31×2 | J15: 白)
E16: 19×19×2 | F16: =VLOOKUP(E16,Sheet3!F:G,2,FALSE) -> #N/A | H16: 16×16×2 | I16: 台) | J16: 白) | K16: =E16&"(台)" -> 19×19×2(台)
E17: 20×20×2 | F17: =VLOOKUP(E17,Sheet3!F:G,2,FALSE) -> 0 | H17: 9×9×3 | J17: 白)
E18: 21×21×2 | F18: =VLOOKUP(E18,Sheet3!F:G,2,FALSE) -> 台) | H18: 9×9×3 | J18: 台)
E19: 22×22×2 | F19: =VLOOKUP(E19,Sheet3!F:G,2,FALSE) -> #N/A | H19: 18×18×2 | I19: 卡) | J19: 白) | K19: =E19&"(台)" -> 22×22×2(台)
E20: 23×23×2 | F20: =VLOOKUP(E20,Sheet3!F:G,2,FALSE) -> #N/A | H20: 20×20×2 | I20: 卡) | J20: 白) | K20: =E20&"(台)" -> 23×23×2(台)
E21: 24×24×2 | F21: =VLOOKUP(E21,Sheet3!F:G,2,FALSE) -> #N/A | H21: 20×20×2 | I21: 台) | J21: 白) | K21: =E21&"(台)" -> 24×24×2(台)
E22: 25×25×2 | F22: =VLOOKUP(E22,Sheet3!F:G,2,FALSE) -> #N/A | H22: 21×21×2 | I22: 台) | J22: 台) | K22: =E22&"(台)" -> 25×25×2(台)
E23: 26×26×2 | F23: =VLOOKUP(E23,Sheet3!F:G,2,FALSE) -> #N/A | H23: 30×30×2 | I23: 台) | J23: 白) | K23: =E23&"(台)" -> 26×26×2(台)
E24: 27×27×2 | F24: =VLOOKUP(E24,Sheet3!F:G,2,FALSE) -> #N/A | H24: 31×31×2 | I24: 白) | J24: 台) | K24: =E24&"(台)" -> 27×27×2(台)
E25: 28×28×2 | F25: =VLOOKUP(E25,Sheet3!F:G,2,FALSE) -> #N/A | H25: 7×7×3 | I25: 白) | J25: 台) | K25: =E25&"(台)" -> 28×28×2(台)
E26: 29×29×2 | F26: =VLOOKUP(E26,Sheet3!F:G,2,FALSE) -> #N/A | H26: 9×9×3 | I26: 白) | J26: 白) | K26: =E26&"(台)" -> 29×29×2(台)
E27: 30×30×2 | F27: =VLOOKUP(E27,Sheet3!F:G,2,FALSE) -> 台) | H27: 9×9×3 | I27: 台) | J27: 台) | K27: =E27&"(白)" -> 30×30×2(白)
E28: 31×31×2 | F28: =VLOOKUP(E28,Sheet3!F:G,2,FALSE) -> 0 | H28: 16×16×3 | J28: 白)
E29: 32×32×2 | F29: =VLOOKUP(E29,Sheet3!F:G,2,FALSE) -> #N/A | H29: 10×10×3 | I29: 白) | J29: 台) | K29: =E29&"(台)" -> 32×32×2(台)
E30: 33×33×2 | F30: =VLOOKUP(E30,Sheet3!F:G,2,FALSE) -> #N/A | H30: 11×11×3 | I30: 白) | J30: 白) | K30: =E30&"(台)" -> 33×33×2(台)
E31: 34×34×2 | F31: =VLOOKUP(E31,Sheet3!F:G,2,FALSE) -> #N/A | H31: 12×12×3 | I31: 白) | J31: 台) | K31: =E31&"(台)" -> 34×34×2(台)
E32: 35×35×2 | F32: =VLOOKUP(E32,Sheet3!F:G,2,FALSE) -> #N/A | H32: 12×12×3 | I32: 台) | J32: 台) | K32: =E32&"(台)" -> 35×35×2(台)
E33: 36×36×2 | F33: =VLOOKUP(E33,Sheet3!F:G,2,FALSE) -> #N/A | H33: 13×13×3 | I33: 白) | J33: 白) | K33: =E33&"(台)" -> 36×36×2(台)
E34: 37×37×2 | F34: =VLOOKUP(E34,Sheet3!F:G,2,FALSE) -> #N/A | H34: 13×13×3 | I34: 台) | J34: 白) | K34: =E34&"(台)" -> 37×37×2(台)
E35: 38×38×2 | F35: =VLOOKUP(E35,Sheet3!F:G,2,FALSE) -> #N/A | H35: 14×14×3 | I35: 台) | J35: 台) | K35: =E35&"(台)" -> 38×38×2(台)
E36: 39×39×2 | F36: =VLOOKUP(E36,Sheet3!F:G,2,FALSE) -> #N/A | H36: 15×15×3 | I36: 台) | J36: 台) | K36: =E36&"(台)" -> 39×39×2(台)
E37: 45×45×2 | F37: =VLOOKUP(E37,Sheet3!F:G,2,FALSE) -> #N/A | H37: 15×15×3 | I37: 白) | J37: 白) | K37: =E37&"(台)" -> 45×45×2(台)
E38: 5×5×3 | F38: =VLOOKUP(E38,Sheet3!F:G,2,FALSE) -> #N/A | H38: 16×16×3 | I38: 台) | J38: 台) | K38: =E38&"(台)" -> 5×5×3(台)
E39: 6×6×3 | F39: =VLOOKUP(E39,Sheet3!F:G,2,FALSE) -> #N/A | H39: 16×16×3 | I39: 白) | J39: 白) | K39: =E39&"(台)" -> 6×6×3(台)
E40: 7×7×3 | F40: =VLOOKUP(E40,Sheet3!F:G,2,FALSE) -> #N/A | H40: 31×31×3 | J40: 白) | K40: =E40&"(台)" -> 7×7×3(台)
E41: 8×8×3 | F41: =VLOOKUP(E41,Sheet3!F:G,2,FALSE) -> #N/A | H41: 17×17×3 | I41: 台) | J41: 白) | K41: =E41&"(台)" -> 8×8×3(台)
E42: 9×9×3 | F42: =VLOOKUP(E42,Sheet3!F:G,2,FALSE) -> 0 | H42: 35×35×3 | J42: 台)
E43: 10×10×3 | F43: =VLOOKUP(E43,Sheet3!F:G,2,FALSE) -> #N/A | H43: 40×40×3 | J43: 台) | K43: =E43&"(台)" -> 10×10×3(台)
E44: 11×11×3 | F44: =VLOOKUP(E44,Sheet3!F:G,2,FALSE) -> #N/A | H44: 8×8×4 | J44: 台) | K44: =E44&"(台)" -> 11×11×3(台)
E45: 12×12×3 | F45: =VLOOKUP(E45,Sheet3!F:G,2,FALSE) -> 台) | H45: 10×10×4 | J45: 台)
E46: 13×13×3 | F46: =VLOOKUP(E46,Sheet3!F:G,2,FALSE) -> 台) | H46: 7×7×4 | J46: 白)
E47: 14×14×3 | F47: =VLOOKUP(E47,Sheet3!F:G,2,FALSE) -> 台) | H47: 12×12×4 | J47: 白)
E48: 15×15×3 | F48: =VLOOKUP(E48,Sheet3!F:G,2,FALSE) -> 台) | H48: 13×13×4 | J48: 白)
E49: 16×16×3 | F49: =VLOOKUP(E49,Sheet3!F:G,2,FALSE) -> 0 | H49: 13×13×4 | J49: 台)
E50: 17×17×3 | F50: =VLOOKUP(E50,Sheet3!F:G,2,FALSE) -> 台) | H50: 14×14×4 | J50: 白)
E51: 18×18×3 | F51: =VLOOKUP(E51,Sheet3!F:G,2,FALSE) -> 台) | H51: 14×14×4 | J51: 台)
E52: 19×19×3 | F52: =VLOOKUP(E52,Sheet3!F:G,2,FALSE) -> 台) | H52: 16×16×4 | J52: 白)
E53: 20×20×3 | F53: =VLOOKUP(E53,Sheet3!F:G,2,FALSE) -> #N/A | H53: 16×16×4 | J53: 台) | K53: =E53&"(台)" -> 20×20×3(台)
E54: 21×21×3 | F54: =VLOOKUP(E54,Sheet3!F:G,2,FALSE) -> #N/A | H54: 17×17×4 | J54: 台) | K54: =E54&"(台)" -> 21×21×3(台)
E55: 22×22×3 | F55: =VLOOKUP(E55,Sheet3!F:G,2,FALSE) -> #N/A | H55: 17×17×3 | I55: 白) | J55: 台) | K55: =E55&"(台)" -> 22×22×3(台)
E56: 23×23×3 | F56: =VLOOKUP(E56,Sheet3!F:G,2,FALSE) -> #N/A | H56: 18×18×3 | I56: 台) | J56: 白) | K56: =E56&"(台)" -> 23×23×3(台)
E57: 24×24×3 | F57: =VLOOKUP(E57,Sheet3!F:G,2,FALSE) -> 台) | H57: 21×21×4 | J57: 台)
E58: 25×25×3 | F58: =VLOOKUP(E58,Sheet3!F:G,2,FALSE) -> 台) | H58: 22×22×4 | J58: 白)
E59: 26×26×3 | F59: =VLOOKUP(E59,Sheet3!F:G,2,FALSE) -> #N/A | H59: 19×19×3 | I59: 台) | J59: 台) | K59: =E59&"(台)" -> 26×26×3(台)
E60: 27×27×3 | F60: =VLOOKUP(E60,Sheet3!F:G,2,FALSE) -> #N/A | H60: 20×20×3 | I60: 白) | J60: 台) | K60: =E60&"(台)" -> 27×27×3(台)
E61: 28×28×3 | F61: =VLOOKUP(E61,Sheet3!F:G,2,FALSE) -> #N/A | H61: 21×21×3 | I61: 白) | J61: 白) | K61: =E61&"(台)" -> 28×28×3(台)
E62: 29×29×3 | F62: =VLOOKUP(E62,Sheet3!F:G,2,FALSE) -> 台) | H62: 25×25×4 | J62: 台)
E63: 30×30×3 | F63: =VLOOKUP(E63,Sheet3!F:G,2,FALSE) -> #N/A | H63: 26×26×4 | J63: 台) | K63: =E63&"(台)" -> 30×30×3(台)
E64: 31×31×3 | F64: =VLOOKUP(E64,Sheet3!F:G,2,FALSE) -> 0 | H64: 26×26×4 | J64: 白)
E65: 32×32×3 | F65: =VLOOKUP(E65,Sheet3!F:G,2,FALSE) -> #N/A | H65: 24×24×3 | I65: 台) | J65: 白) | K65: =E65&"(台)" -> 32×32×3(台)
E66: 33×33×3 | F66: =VLOOKUP(E66,Sheet3!F:G,2,FALSE) -> #N/A | H66: 25×25×3 | I66: 台) | J66: 台) | K66: =E66&"(台)" -> 33×33×3(台)
E67: 34×34×3 | F67: =VLOOKUP(E67,Sheet3!F:G,2,FALSE) -> #N/A | H67: 28×28×4 | J67: 白) | K67: =E67&"(台)" -> 34×34×3(台)
E68: 35×35×3 | F68: =VLOOKUP(E68,Sheet3!F:G,2,FALSE) -> 0 | H68: 34×34×4 | J68: 白)
E69: 36×36×3 | F69: =VLOOKUP(E69,Sheet3!F:G,2,FALSE) -> #N/A | H69: 25×25×3 | I69: 白) | J69: 白) | K69: =E69&"(台)" -> 36×36×3(台)
E70: 37×37×3 | F70: =VLOOKUP(E70,Sheet3!F:G,2,FALSE) -> #N/A | H70: 29×29×3 | I70: 台) | J70: 台) | K70: =E70&"(台)" -> 37×37×3(台)
E71: 38×38×3 | F71: =VLOOKUP(E71,Sheet3!F:G,2,FALSE) -> #N/A | H71: 30×30×3 | I71: 白) | J71: 白) | K71: =E71&"(台)" -> 38×38×3(台)
E72: 39×39×3 | F72: =VLOOKUP(E72,Sheet3!F:G,2,FALSE) -> #N/A | H72: 31×31×3 | I72: 白) | J72: 台) | K72: =E72&"(台)" -> 39×39×3(台)
E73: 40×40×3 | F73: =VLOOKUP(E73,Sheet3!F:G,2,FALSE) -> 0 | H73: 12×12×5 | J73: 白)
E74: 6×6×4 | F74: =VLOOKUP(E74,Sheet3!F:G,2,FALSE) -> #N/A | H74: 34×34×3 | I74: 白) | J74: 台) | K74: =E74&"(台)" -> 6×6×4(台)
E75: 7×7×4 | F75: =VLOOKUP(E75,Sheet3!F:G,2,FALSE) -> 0 | H75: 13×13×5 | J75: 白)
E76: 8×8×4 | F76: =VLOOKUP(E76,Sheet3!F:G,2,FALSE) -> 0 | H76: 13×13×5 | J76: 台)
E77: 9×9×4 | F77: =VLOOKUP(E77,Sheet3!F:G,2,FALSE) -> #N/A | H77: 35×35×3 | I77: 台) | J77: 台) | K77: =E77&"(台)" -> 9×9×4(台)
E78: 10×10×4 | F78: =VLOOKUP(E78,Sheet3!F:G,2,FALSE) -> 0 | H78: 15×15×5 | J78: 白)
E79: 11×11×4 | F79: =VLOOKUP(E79,Sheet3!F:G,2,FALSE) -> #N/A | H79: 40×40×3 | I79: 台) | J79: 台) | K79: =E79&"(台)" -> 11×11×4(台)
E80: 12×12×4 | F80: =VLOOKUP(E80,Sheet3!F:G,2,FALSE) -> 0 | H80: 16×16×5 | J80: 白)
E81: 13×13×4 | F81: =VLOOKUP(E81,Sheet3!F:G,2,FALSE) -> 0 | H81: 18×18×5 | J81: 台)
E82: 14×14×4 | F82: =VLOOKUP(E82,Sheet3!F:G,2,FALSE) -> 0 | H82: 18×18×5 | J82: 白)
E83: 15×15×4 | F83: =VLOOKUP(E83,Sheet3!F:G,2,FALSE) -> #N/A | H83: 8×8×4 | I83: 台) | J83: 台) | K83: =E83&"(台)" -> 15×15×4(台)
E84: 16×16×4 | F84: =VLOOKUP(E84,Sheet3!F:G,2,FALSE) -> 0 | H84: 19×19×5 | J84: 白)
E85: 17×17×4 | F85: =VLOOKUP(E85,Sheet3!F:G,2,FALSE) -> 0 | H85: 20×20×5 | J85: 台)
E86: 18×18×4 | F86: =VLOOKUP(E86,Sheet3!F:G,2,FALSE) -> #N/A | H86: 10×10×4 | I86: 台) | J86: 白) | K86: =E86&"(台)" -> 18×18×4(台)
E87: 19×19×4 | F87: =VLOOKUP(E87,Sheet3!F:G,2,FALSE) -> 台) | H87: 22×22×5 | J87: 白)
E88: 20×20×4 | F88: =VLOOKUP(E88,Sheet3!F:G,2,FALSE) -> 台) | H88: 23×23×5 | J88: 白)
E89: 21×21×4 | F89: =VLOOKUP(E89,Sheet3!F:G,2,FALSE) -> 0 | H89: 24×24×5 | J89: 台)
E90: 22×22×4 | F90: =VLOOKUP(E90,Sheet3!F:G,2,FALSE) -> 0 | H90: 25×25×5 | J90: 白)
E91: 23×23×4 | F91: =VLOOKUP(E91,Sheet3!F:G,2,FALSE) -> 台) | H91: 26×26×5 | J91: 白)
E92: 24×24×4 | F92: =VLOOKUP(E92,Sheet3!F:G,2,FALSE) -> #N/A | H92: 7×7×4 | I92: 白) | J92: 台) | K92: =E92&"(台)" -> 24×24×4(台)
E93: 25×25×4 | F93: =VLOOKUP(E93,Sheet3!F:G,2,FALSE) -> 0 | H93: 34×34×5 | J93: 台)
E94: 26×26×4 | F94: =VLOOKUP(E94,Sheet3!F:G,2,FALSE) -> 0 | H94: 35×35×5 | J94: 台)
E95: 27×27×4 | F95: =VLOOKUP(E95,Sheet3!F:G,2,FALSE) -> 台) | H95: 40×40×5 | J95: 台)
E96: 28×28×4 | F96: =VLOOKUP(E96,Sheet3!F:G,2,FALSE) -> 0 | H96: 9×9×6 | J96: 白)
E97: 29×29×4 | F97: =VLOOKUP(E97,Sheet3!F:G,2,FALSE) -> #N/A | H97: 12×12×4 | I97: 白) | J97: 台) | K97: =E97&"(台)" -> 29×29×4(台)
E98: 30×30×4 | F98: =VLOOKUP(E98,Sheet3!F:G,2,FALSE) -> #N/A | H98: 13×13×4 | I98: 白) | J98: 白) | K98: =E98&"(台)" -> 30×30×4(台)
E99: 31×31×4 | F99: =VLOOKUP(E99,Sheet3!F:G,2,FALSE) -> #N/A | H99: 13×13×4 | I99: 台) | J99: 白) | K99: =E99&"(台)" -> 31×31×4(台)
E100: 32×32×4 | F100: =VLOOKUP(E100,Sheet3!F:G,2,FALSE) -> #N/A | H100: 14×14×4 | I100: 白) | J100: 白) | K100: =E100&"(台)" -> 32×32×4(台)
E101: 33×33×4 | F101: =VLOOKUP(E101,Sheet3!F:G,2,FALSE) -> #N/A | H101: 14×14×4 | I101: 台) | J101: 台) | K101: =E101&"(台)" -> 33×33×4(台)
E102: 34×34×4 | F102: =VLOOKUP(E102,Sheet3!F:G,2,FALSE) -> 0 | H102: 15×15×6 | J102: 白)
...

Sheet Sheet3
F4: 10×10×2 | G4: 台) | I4: 6×6×2
F5: 12×12×2 | G5: 台) | I5: 6×6×2 | J5: 白)
F6: 13×13×2 | G6: 台) | I6: 7×7×2
F7: 13×13×2 | I7: 7×7×2 | J7: 白)
F8: 14×14×2 | I8: 8×8×2
F9: 16×16×2 | I9: 8×8×2 | J9: 白)
F10: 18×18×2 | I10: 9×9×2
F11: 14×14×2 | G11: 台) | I11: 9×9×2 | J11: 白)
F12: 20×20×2 | I12: 10×10×2
F13: 31×31×2 | I13: 10×10×2 | J13: 白)
F14: 16×16×2 | G14: 台) | I14: 10×10×2 | J14: 台)
F15: 9×9×3 | I15: 11×11×2
F16: 9×9×3 | I16: 11×11×2 | J16: 白)
F17: 20×20×2 | G17: 台) | I17: 12×12×2
F18: 21×21×2 | G18: 台) | I18: 12×12×2 | J18: 台)
F19: 30×30×2 | G19: 台) | I19: 13×13×2
F20: 9×9×3 | G20: 台) | I20: 13×13×2 | J20: 台)
F21: 16×16×3 | I21: 13×13×2 | J21: 白)
F22: 12×12×3 | G22: 台) | I22: 14×14×2
F23: 13×13×3 | G23: 台) | I23: 14×14×2 | J23: 台)
F24: 14×14×3 | G24: 台) | I24: 14×14×2 | J24: 白)
F25: 15×15×3 | G25: 台) | I25: 15×15×2
F26: 16×16×3 | G26: 台) | I26: 15×15×2 | J26: 白)
F27: 31×31×3 | I27: 16×16×2
F28: 17×17×3 | G28: 台) | I28: 16×16×2 | J28: 台)
F29: 35×35×3 | I29: 17×17×2
F30: 40×40×3 | I30: 17×17×2 | J30: 白)
F31: 8×8×4 | I31: 18×18×2 | J31: 卡)
F32: 10×10×4 | I32: 18×18×2
F33: 7×7×4 | I33: 19×19×2
F34: 12×12×4 | I34: 19×19×2 | J34: 白)
F35: 13×13×4 | I35: 20×20×2
F36: 13×13×4 | I36: 20×20×2 | J36: 卡)
F37: 14×14×4 | I37: 20×20×2 | J37: 台)
F38: 14×14×4 | I38: 21×21×2
F39: 16×16×4 | I39: 21×21×2 | J39: 台)
F40: 16×16×4 | I40: 22×22×2
F41: 17×17×4 | I41: 22×22×2 | J41: 白)
F42: 18×18×3 | G42: 台) | I42: 23×23×2
F43: 21×21×4 | I43: 23×23×2 | J43: 白)
F44: 22×22×4 | I44: 24×24×2
F45: 19×19×3 | G45: 台) | I45: 24×24×2 | J45: 白)
F46: 25×25×4 | I46: 25×25×2
F47: 26×26×4 | I47: 25×25×2 | J47: 白)
F48: 26×26×4 | I48: 26×26×2
F49: 24×24×3 | G49: 台) | I49: 26×26×2 | J49: 白)
F50: 25×25×3 | G50: 台) | I50: 27×27×2
F51: 28×28×4 | I51: 27×27×2 | J51: 白)
F52: 34×34×4 | I52: 28×28×2
F53: 29×29×3 | G53: 台) | I53: 28×28×2 | J53: 白)
F54: 12×12×5 | I54: 29×29×2
F55: 13×13×5 | I55: 29×29×2 | J55: 白)
F56: 13×13×5 | I56: 30×30×2
F57: 35×35×3 | G57: 台) | I57: 30×30×2 | J57: 台)
F58: 15×15×5 | I58: 30×30×2 | J58: 白)
F59: 40×40×3 | G59: 台) | I59: 31×31×2
F60: 16×16×5 | I60: 31×31×2 | J60: 白)
F61: 18×18×5 | I61: 32×32×2
F62: 18×18×5 | I62: 32×32×2 | J62: 白)
F63: 8×8×4 | G63: 台) | I63: 33×33×2
F64: 19×19×5 | I64: 33×33×2 | J64: 台)
F65: 20×20×5 | I65: 33×33×2 | J65: 白)
F66: 10×10×4 | G66: 台) | I66: 34×34×2
F67: 22×22×5 | I67: 34×34×2 | J67: 台)
F68: 23×23×5 | I68: 34×34×2 | J68: 白)
F69: 24×24×5 | I69: 35×35×2
F70: 25×25×5 | I70: 35×35×2 | J70: 台)
F71: 26×26×5 | I71: 35×35×2 | J71: 白)
F72: 34×34×5 | I72: 36×36×2
F73: 35×35×5 | I73: 36×36×2 | J73: 台)
F74: 40×40×5 | I74: 36×36×2 | J74: 白)
F75: 9×9×6 | I75: 37×37×2
F76: 13×13×4 | G76: 台) | I76: 37×37×2 | J76: 台)
F77: 14×14×4 | G77: 台) | I77: 37×37×2 | J77: 白)
F78: 15×15×6 | I78: 38×38×2
F79: 16×16×6 | I79: 38×38×2 | J79: 台)
F80: 17×17×6 | I80: 38×38×2 | J80: 白)
F81: 16×16×4 | G81: 台) | I81: 39×39×2
F82: 17×17×4 | G82: 台) | I82: 39×39×2 | J82: 台)
F83: 19×19×4 | G83: 台) | I83: 39×39×2 | J83: 白)
F84: 20×20×4 | G84: 台) | I84: 45×45×2
F85: 21×21×4 | G85: 台) | I85: 45×45×2 | J85: 台)
F86: 30×30×6 | I86: 45×45×2 | J86: 白)
F87: 31×31×6 | I87: 5×5×3
F88: 10×10×7 | I88: 5×5×3 | J88: 台)
F89: 13×13×7 | I89: 5×5×3 | J89: 白)
F90: 15×15×7 | I90: 6×6×3
F91: 16×16×7 | I91: 6×6×3 | J91: 台)
F92: 17×17×7 | I92: 6×6×3 | J92: 白)
F93: 22×22×4 | G93: 台) | I93: 7×7×3
F94: 22×22×7 | I94: 7×7×3 | J94: 白)
F95: 24×24×7 | I95: 8×8×3
F96: 27×27×7 | I96: 8×8×3 | J96: 台)
F97: 23×23×4 | G97: 台) | I97: 8×8×3 | J97: 白)
F98: 30×30×7 | I98: 9×9×3
F99: 32×32×7 | I99: 9×9×3 | J99: 白)
F100: 34×34×7 | I100: 9×9×3 | J100: 台)
F101: 37×37×7 | I101: 10×10×3
F102: 40×40×7 | I102: 10×10×3 | J102: 白)
F103: 8×8×8 | I103: 11×11×3
...

Sheet Sheet5

Sheet Sheet6

Sheet Sheet7

Sheet Sheet8

Sheet Sheet9
